id,user_id,limit_id,account_type,balance,created_timestamp
1,378,1,joint,60725.62,2020-07-13 23:19:44
2,155,7,business,58029.65,2022-01-01 01:43:46
3,71,3,checking,93790.74,2023-10-05 20:11:53
4,215,1,checking,44251.16,2020-09-13 23:05:58
5,132,3,savings,24111.24,2020-12-14 19:39:53
6,322,7,savings,29694.46,2023-05-20 19:57:28
7,106,8,business,55021.44,2022-04-20 12:36:21
8,299,8,savings,4829.68,2024-08-26 11:17:23
9,384,4,savings,93422.05,2022-06-25 10:19:26
10,119,9,credit,75976.52,2020-01-01 16:29:51
11,413,7,joint,20495.67,2024-06-03 10:01:45
12,167,4,checking,14389.14,2020-12-22 16:18:50
13,460,4,business,26390.37,2022-10-17 07:29:53
14,204,3,joint,75976.06,2021-10-13 23:24:39
15,315,7,checking,48688.37,2022-10-07 13:54:56
16,255,1,credit,95674.65,2021-08-28 18:31:25
17,126,9,savings,680.21,2021-02-17 18:17:56
18,103,4,savings,53176.33,2020-10-07 18:06:08
19,223,2,business,19769.52,2021-09-06 23:34:53
20,423,7,joint,65494.94,2023-02-21 13:09:10
21,196,4,savings,98403.77,2024-12-22 05:31:50
22,283,2,joint,25920.48,2022-07-12 08:25:50
23,202,3,credit,7738.5,2023-03-13 13:12:38
24,53,8,joint,22714.24,2020-11-04 21:43:29
25,163,5,business,16656.68,2024-06-29 19:26:21
26,224,2,checking,75260.54,2020-02-13 20:13:41
27,385,3,joint,65993.08,2023-06-12 19:28:45
28,100,6,checking,36374.71,2022-02-15 06:23:05
29,500,8,savings,16258.57,2023-10-04 06:07:11
30,107,9,joint,59546.53,2021-07-29 20:13:31
31,336,7,savings,46661.06,2022-05-15 19:29:58
32,332,1,savings,34776.66,2023-08-24 17:42:33
33,444,7,savings,93796.85,2022-04-13 02:46:12
34,345,10,joint,77536.23,2020-07-10 07:16:45
35,193,6,joint,78698.91,2023-09-03 05:32:31
36,425,9,business,81688.48,2024-10-02 12:27:55
37,493,2,business,93208.5,2020-12-07 05:52:53
38,458,8,checking,77138.31,2024-12-11 12:56:08
39,315,4,checking,88796.87,2022-11-22 06:55:17
40,104,5,business,2623.32,2020-10-07 19:49:49
41,165,10,joint,88819.82,2022-12-11 20:41:07
42,18,4,joint,71713.87,2024-06-08 19:02:13
43,499,3,credit,77450.99,2021-07-11 00:45:24
44,463,2,credit,89120.46,2022-05-13 07:04:00
45,301,4,credit,29060.53,2022-04-13 23:34:12
46,402,8,checking,59619.9,2024-09-04 11:17:21
47,35,3,savings,60231.07,2021-09-21 15:58:43
48,455,9,business,37098.0,2023-08-08 21:19:16
49,310,7,credit,39975.34,2023-09-14 16:30:05
50,307,3,credit,13922.02,2020-02-05 19:49:59
51,209,6,checking,56464.8,2021-11-19 07:17:31
52,205,9,credit,85082.52,2022-01-10 20:28:54
53,10,1,business,5301.44,2022-02-21 13:56:14
54,397,9,business,78917.27,2021-08-13 18:59:30
55,417,8,savings,36552.77,2024-05-03 04:09:55
56,50,6,savings,76177.79,2024-08-17 20:06:48
57,388,5,savings,51858.12,2023-02-19 02:20:29
58,2,1,credit,45584.75,2021-06-27 12:36:24
59,4,5,joint,26244.7,2020-10-22 20:14:50
60,422,7,checking,31246.42,2024-07-04 20:52:46
61,107,6,business,74128.81,2023-11-14 00:23:11
62,463,8,savings,36353.69,2021-12-22 09:12:29
63,387,4,savings,48221.08,2024-06-03 14:24:15
64,455,1,checking,67741.44,2023-12-18 10:42:04
65,191,4,checking,25200.64,2024-06-22 06:13:39
66,417,5,credit,4141.12,2020-07-25 10:14:40
67,435,5,business,99218.27,2023-06-28 05:18:26
68,201,10,business,69369.14,2023-10-29 12:23:11
69,290,9,business,38629.87,2022-04-16 07:27:22
70,457,4,savings,82370.62,2020-01-13 00:09:56
71,400,8,business,79461.71,2022-06-15 03:28:48
72,208,8,joint,58458.75,2023-08-02 21:01:52
73,437,6,savings,40378.35,2021-01-30 00:49:47
74,336,2,checking,7498.13,2020-09-08 19:14:24
75,26,5,business,74355.11,2023-10-20 10:24:47
76,179,4,credit,691.21,2023-08-09 05:31:00
77,247,8,credit,13794.78,2022-10-06 15:13:10
78,206,9,business,2006.9,2021-02-04 09:41:58
79,204,4,checking,86898.18,2021-06-22 22:52:17
80,388,5,checking,97886.95,2021-09-01 02:25:40
81,389,8,joint,59462.97,2022-06-01 06:12:33
82,169,2,business,28387.63,2023-10-18 14:02:45
83,201,7,joint,62148.99,2021-03-19 09:16:36
84,429,6,joint,75143.16,2020-02-19 19:52:32
85,198,10,joint,46676.07,2022-02-28 15:38:39
86,240,1,credit,76571.4,2023-03-23 20:01:22
87,193,10,credit,98845.28,2021-04-23 22:00:14
88,14,1,joint,93734.95,2024-04-02 00:50:27
89,187,2,checking,95122.58,2021-04-25 23:49:04
90,330,1,checking,58354.8,2021-07-13 11:58:42
91,147,4,credit,34002.51,2020-09-26 14:39:39
92,204,4,credit,82247.23,2022-02-14 03:41:56
93,158,10,joint,34310.82,2021-03-04 13:50:04
94,478,1,credit,89179.77,2022-09-12 04:11:47
95,253,4,credit,32760.22,2021-09-02 23:42:17
96,51,5,business,3468.82,2021-11-30 09:34:17
97,332,3,credit,94179.08,2022-08-28 02:02:50
98,222,1,business,95066.87,2022-01-07 13:42:53
99,147,5,savings,31957.65,2022-06-03 11:40:43
100,161,6,checking,99549.34,2021-07-25 11:55:50
101,99,4,savings,43825.66,2020-05-27 16:15:59
102,83,6,savings,36218.36,2024-08-27 16:04:23
103,7,1,checking,28115.8,2022-02-24 11:51:16
104,345,3,business,38573.73,2021-07-23 12:33:10
105,312,8,credit,90926.59,2020-02-09 06:19:01
106,273,7,business,73479.96,2021-07-24 22:47:43
107,391,1,checking,58294.46,2022-07-13 04:55:17
108,489,6,joint,37433.66,2022-03-12 19:22:27
109,413,9,joint,50930.76,2022-10-24 02:32:33
110,349,2,savings,43767.15,2023-09-30 16:44:38
111,87,1,joint,38882.52,2024-12-12 15:06:21
112,170,8,business,60308.01,2024-05-04 14:39:27
113,32,8,credit,36504.74,2021-02-13 13:58:58
114,220,3,credit,22698.79,2023-08-27 20:43:21
115,466,7,savings,39200.94,2021-05-12 12:39:51
116,284,9,business,27232.6,2022-11-05 23:04:25
117,85,10,business,12339.44,2024-11-19 02:57:29
118,491,7,joint,27449.17,2023-12-16 04:43:08
119,317,2,checking,46019.43,2021-12-27 07:11:55
120,149,7,checking,27732.78,2022-11-13 20:45:06
121,15,2,savings,74300.59,2022-12-29 08:57:05
122,338,4,joint,44529.78,2020-01-23 14:27:05
123,494,4,business,59227.81,2022-01-05 00:27:22
124,410,2,savings,19571.4,2022-05-24 08:17:13
125,356,2,business,14861.28,2020-03-29 18:30:37
126,467,7,savings,91872.63,2023-05-19 07:49:03
127,235,6,savings,57475.18,2023-04-10 06:40:47
128,446,10,checking,14470.65,2020-10-21 06:38:34
129,496,10,business,26028.0,2023-10-31 01:08:00
130,398,1,business,64666.07,2022-11-10 05:42:59
131,401,1,business,88427.41,2022-11-12 04:31:20
132,333,6,credit,90164.97,2024-11-15 09:16:47
133,118,2,joint,43594.68,2021-03-29 00:01:48
134,308,9,savings,13313.57,2022-06-04 18:51:30
135,264,3,credit,56833.11,2022-04-08 12:05:53
136,122,5,savings,30157.91,2020-01-04 14:55:24
137,347,2,credit,4673.57,2024-07-05 13:38:16
138,275,6,joint,53013.78,2021-09-22 08:57:33
139,71,4,credit,64455.18,2024-12-15 11:45:00
140,158,7,savings,41939.25,2020-01-26 23:09:17
141,409,10,credit,42902.73,2024-01-31 03:00:40
142,288,8,credit,42223.96,2024-04-19 01:31:36
143,391,9,credit,76935.87,2020-11-16 19:12:52
144,459,5,checking,25669.76,2024-12-26 00:16:15
145,141,8,checking,94011.79,2021-02-11 06:53:05
146,411,5,joint,33743.44,2020-09-20 13:00:25
147,154,4,joint,8992.92,2020-12-01 18:04:36
148,472,2,credit,10052.04,2024-09-28 22:35:22
149,112,7,credit,56892.54,2024-07-16 00:27:54
150,112,3,checking,47726.24,2023-07-22 17:41:30
151,105,6,checking,63685.19,2020-08-08 12:08:16
152,135,5,joint,57027.69,2020-02-28 07:18:17
153,129,9,checking,75066.01,2023-05-28 07:51:41
154,53,1,savings,4131.76,2021-03-22 04:59:47
155,141,3,checking,49156.92,2024-04-14 17:20:22
156,470,1,joint,7713.4,2024-03-04 01:34:20
157,102,6,checking,13588.33,2023-12-11 17:06:22
158,31,4,business,66561.62,2024-06-15 07:47:13
159,172,4,credit,40212.97,2021-06-30 18:49:06
160,187,3,savings,61718.63,2024-04-10 19:38:19
161,78,6,business,17270.31,2022-10-16 06:55:08
162,126,5,joint,29256.11,2024-03-16 14:33:04
163,403,5,credit,20651.63,2020-02-06 23:31:14
164,1,2,joint,59815.27,2022-01-21 13:15:35
165,386,9,credit,54990.3,2023-01-10 15:34:49
166,84,10,business,29830.29,2024-07-25 02:50:42
167,214,7,checking,41101.0,2020-07-29 05:52:11
168,83,9,savings,27789.4,2024-01-18 17:44:05
169,325,2,business,97188.25,2020-11-29 12:40:25
170,455,4,business,42532.75,2022-11-22 02:50:26
171,324,4,business,30131.85,2023-10-17 04:53:51
172,227,10,checking,93909.6,2020-07-27 19:59:44
173,18,9,savings,50579.38,2024-04-18 17:29:41
174,182,2,joint,68632.92,2020-12-01 11:14:56
175,450,7,savings,88166.67,2020-10-19 04:48:21
176,479,9,credit,82792.82,2022-12-13 13:24:08
177,462,8,savings,5206.97,2021-12-16 04:07:01
178,466,4,credit,78748.73,2021-09-06 17:02:25
179,420,10,savings,95997.95,2021-04-11 01:45:55
180,136,1,business,85752.38,2024-06-11 21:46:19
181,23,6,business,42925.77,2020-10-02 13:02:45
182,164,9,joint,26688.74,2024-04-01 08:21:08
183,252,8,savings,46649.34,2023-12-24 13:12:13
184,233,9,business,68792.02,2022-08-12 03:15:39
185,180,1,credit,31898.47,2021-09-22 03:18:03
186,453,10,checking,37429.17,2023-05-03 13:25:53
187,163,5,checking,23690.71,2024-04-25 20:27:32
188,430,10,credit,89053.83,2020-10-31 08:11:09
189,59,9,joint,93102.03,2020-11-13 15:00:51
190,176,1,business,78931.77,2022-10-06 12:08:51
191,116,7,joint,66119.0,2022-03-06 06:20:53
192,286,3,joint,73340.89,2020-11-30 21:17:07
193,402,2,credit,941.34,2022-12-01 04:40:35
194,67,9,checking,60518.03,2020-05-17 08:10:22
195,285,5,business,63995.92,2021-10-08 23:24:30
196,478,3,business,91324.92,2024-10-03 02:50:19
197,353,7,savings,91972.82,2021-08-23 15:10:23
198,260,4,savings,46115.26,2023-01-23 02:16:26
199,25,1,joint,56616.03,2022-11-15 03:33:26
200,39,6,joint,73459.39,2020-04-11 13:54:31
201,66,1,savings,13616.15,2022-12-06 09:59:40
202,66,10,credit,36362.66,2020-05-06 23:32:48
203,233,3,savings,41381.2,2023-10-03 18:00:03
204,356,2,credit,56530.6,2020-12-27 00:28:30
205,341,7,joint,98353.96,2020-09-27 03:05:39
206,364,10,joint,6500.51,2024-07-30 09:05:20
207,447,3,business,58161.63,2023-09-22 04:37:42
208,420,6,credit,1497.67,2022-07-26 14:34:48
209,281,6,joint,35065.1,2020-07-31 21:31:26
210,340,5,checking,65320.81,2023-06-08 08:18:11
211,461,9,savings,61840.45,2020-06-16 06:37:36
212,218,10,savings,22001.6,2024-04-19 12:52:26
213,67,2,credit,92436.31,2021-05-27 13:29:18
214,301,1,savings,14980.75,2020-05-01 12:45:11
215,96,7,joint,75201.97,2022-07-19 17:20:51
216,73,1,savings,71420.88,2023-05-20 05:18:07
217,89,10,business,28382.11,2022-11-10 04:40:13
218,87,4,credit,33586.25,2022-01-02 22:22:32
219,310,8,joint,62138.34,2020-05-08 11:40:41
220,148,4,checking,36174.78,2020-11-06 18:16:31
221,43,9,savings,26097.12,2024-09-01 12:55:36
222,111,10,joint,88112.02,2024-07-14 21:42:39
223,61,10,credit,71445.35,2023-07-23 02:41:28
224,113,3,savings,20691.05,2024-12-15 05:22:55
225,211,9,savings,48769.29,2020-03-28 04:57:55
226,275,8,credit,29785.05,2020-11-19 05:07:40
227,2,9,credit,79065.84,2022-07-29 03:48:45
228,499,9,joint,4421.23,2021-06-27 23:20:02
229,465,4,savings,69523.87,2021-10-11 11:12:52
230,58,6,joint,90981.34,2020-05-20 03:24:07
231,76,10,business,32554.4,2024-04-21 21:47:29
232,285,2,savings,86120.38,2021-07-12 03:00:35
233,331,10,savings,30008.74,2021-08-29 03:06:29
234,408,1,checking,23099.44,2021-08-01 06:58:31
235,154,8,credit,61711.43,2024-03-09 18:37:52
236,176,3,savings,12912.11,2024-09-07 15:20:14
237,364,9,checking,99602.37,2020-04-24 10:48:20
238,497,8,credit,58992.12,2020-06-09 22:23:32
239,360,7,credit,12768.41,2021-07-22 06:59:08
240,224,6,business,99630.41,2021-11-16 11:49:51
241,420,9,checking,30463.2,2021-12-27 00:03:43
242,14,3,savings,33903.83,2021-04-06 12:53:46
243,25,7,business,27507.58,2024-03-31 13:02:02
244,403,7,credit,70017.87,2022-07-05 10:01:07
245,40,4,business,11478.75,2022-07-07 04:52:14
246,476,2,checking,81881.59,2022-11-27 16:57:38
247,466,3,savings,84451.96,2023-12-20 22:53:54
248,216,2,business,35202.12,2021-03-19 08:34:27
249,6,4,business,86586.0,2023-09-05 04:30:18
250,314,10,checking,82384.72,2024-10-06 19:00:31
251,292,4,credit,73676.46,2020-07-22 16:18:16
252,34,8,credit,90815.18,2020-11-09 04:35:08
253,466,2,credit,45433.06,2020-08-05 03:00:21
254,217,6,credit,72148.27,2024-04-20 10:07:48
255,140,4,checking,20092.7,2024-08-03 20:02:40
256,286,2,joint,6318.81,2023-06-09 07:05:27
257,83,5,credit,84660.29,2024-05-25 05:41:17
258,196,8,credit,1998.52,2021-05-23 21:02:04
259,66,8,business,10825.23,2020-06-26 03:55:15
260,68,3,credit,49694.78,2020-10-13 04:13:12
261,453,2,credit,22274.54,2024-01-07 01:50:49
262,175,9,savings,13624.39,2022-08-26 03:55:57
263,171,10,credit,55253.13,2020-07-31 14:18:15
264,356,5,business,80719.75,2020-03-14 06:45:48
265,21,1,joint,78130.4,2021-06-27 17:29:50
266,140,10,joint,62283.52,2022-03-11 05:18:19
267,481,7,business,38901.84,2023-08-07 05:49:44
268,192,2,joint,45006.7,2022-01-28 07:25:40
269,429,2,joint,49363.11,2021-10-12 11:01:34
270,22,3,checking,94271.88,2022-02-26 11:17:12
271,439,7,checking,68660.25,2023-11-06 20:39:51
272,181,7,credit,61926.71,2024-02-14 08:17:10
273,97,6,joint,15488.78,2023-02-25 10:50:41
274,484,10,savings,26774.85,2020-04-21 05:56:45
275,445,6,savings,42428.47,2020-07-09 19:33:27
276,186,9,credit,32024.79,2022-02-07 18:10:13
277,343,1,checking,50881.66,2021-09-15 01:16:06
278,278,1,joint,44201.53,2024-12-28 14:57:31
279,322,8,business,69344.44,2021-06-21 21:23:58
280,498,2,credit,81333.11,2023-09-10 04:18:33
281,403,7,joint,59741.21,2024-09-01 11:40:45
282,189,8,credit,87184.47,2024-07-01 07:15:41
283,286,10,checking,30532.29,2021-04-17 06:07:44
284,5,10,joint,68244.5,2024-03-19 21:27:07
285,304,7,joint,69088.93,2023-12-20 17:21:21
286,337,7,credit,20989.55,2022-11-17 11:57:00
287,129,7,joint,39209.62,2022-10-16 03:25:23
288,25,10,joint,80626.82,2024-09-09 13:38:09
289,265,5,savings,44490.56,2020-01-31 21:19:06
290,155,8,savings,72862.38,2022-03-17 20:44:46
291,37,3,savings,91407.3,2020-07-14 18:47:43
292,61,10,credit,26284.55,2024-12-10 15:14:44
293,498,10,credit,12810.68,2020-02-18 23:11:01
294,346,7,savings,12570.08,2023-03-14 22:48:25
295,302,3,savings,44729.96,2023-06-30 11:23:49
296,459,4,business,64991.08,2020-07-07 14:23:39
297,442,5,savings,10781.83,2020-08-08 08:55:39
298,38,7,savings,20282.76,2022-09-18 20:29:55
299,277,7,savings,44983.56,2020-11-23 14:58:54
300,137,7,credit,6754.28,2020-02-26 13:18:53
301,204,7,business,71425.6,2022-07-05 13:38:43
302,250,1,joint,61171.11,2020-08-11 04:53:24
303,164,3,checking,51268.62,2020-10-12 01:55:16
304,293,2,credit,35263.87,2024-09-23 02:56:26
305,409,6,checking,36378.99,2021-08-30 16:40:50
306,189,2,savings,59247.45,2022-05-02 17:57:26
307,70,3,credit,90076.92,2021-06-15 21:38:48
308,431,10,credit,3884.09,2021-12-02 03:03:31
309,297,2,business,33569.22,2020-02-06 08:23:56
310,211,6,joint,80227.26,2020-09-17 07:19:22
311,399,1,credit,93182.15,2024-01-09 03:59:53
312,208,8,joint,29645.95,2021-07-19 15:26:50
313,368,8,checking,23408.07,2021-02-21 17:38:52
314,180,9,savings,96352.12,2021-08-31 04:48:54
315,479,2,credit,31933.6,2021-06-10 17:31:47
316,88,3,savings,81829.97,2023-02-27 07:05:30
317,120,3,savings,12353.13,2024-04-28 09:59:10
318,424,5,credit,60503.73,2021-12-06 03:32:40
319,192,1,business,95113.58,2023-04-23 11:01:16
320,72,3,joint,49062.77,2021-04-21 02:29:42
321,95,4,business,27795.59,2021-07-20 06:54:40
322,268,6,business,95397.97,2020-04-14 03:00:01
323,193,1,checking,70796.41,2024-05-31 15:29:30
324,230,2,checking,40481.07,2023-01-20 12:43:48
325,103,5,joint,59330.2,2023-02-03 04:27:39
326,228,1,joint,35173.87,2024-08-14 15:01:50
327,288,7,savings,60524.63,2021-02-13 12:19:46
328,448,6,business,48793.32,2021-04-09 07:57:36
329,116,8,savings,7542.1,2023-08-05 23:34:04
330,314,2,savings,76205.71,2023-07-02 03:23:55
331,263,2,business,77208.76,2023-08-12 08:39:11
332,111,4,checking,43200.52,2022-01-26 05:11:20
333,188,9,joint,52332.18,2024-05-08 11:14:28
334,270,4,checking,46354.88,2021-09-18 08:43:58
335,26,5,savings,63559.49,2021-03-14 12:14:10
336,111,4,checking,22557.98,2022-09-16 13:24:06
337,419,5,savings,947.1,2022-07-25 09:56:31
338,98,4,checking,36539.09,2024-07-07 01:46:58
339,50,9,savings,33757.42,2023-08-15 11:29:47
340,173,4,savings,46355.36,2024-11-14 21:44:24
341,29,10,business,93617.92,2023-10-31 08:12:19
342,175,5,checking,30629.63,2022-10-08 06:04:05
343,442,5,credit,52572.56,2023-09-28 08:38:07
344,161,5,joint,14485.38,2023-08-25 12:07:28
345,496,8,checking,43870.34,2022-03-31 10:56:41
346,297,8,savings,68272.97,2020-04-16 20:29:27
347,185,6,checking,96747.46,2023-09-11 04:49:31
348,317,1,savings,96758.61,2020-03-15 18:32:34
349,89,4,checking,95232.42,2024-04-02 18:05:57
350,372,7,checking,63629.36,2021-11-25 13:17:04
351,25,10,joint,52404.44,2022-05-01 04:34:04
352,241,6,business,56392.29,2020-04-05 12:18:20
353,130,2,credit,74611.94,2023-09-10 11:51:23
354,440,3,savings,89185.16,2022-11-07 10:13:21
355,372,3,business,58332.25,2022-06-26 19:01:17
356,343,4,checking,82032.34,2023-08-19 22:14:59
357,212,3,credit,17230.84,2024-09-18 03:11:43
358,415,5,business,37898.7,2022-02-24 00:41:03
359,404,4,credit,56896.17,2024-12-18 10:13:25
360,150,4,credit,71580.39,2020-12-29 19:03:24
361,267,4,credit,92024.81,2023-02-10 06:41:21
362,185,4,checking,98862.06,2024-09-12 13:36:45
363,409,4,business,70279.54,2021-02-06 07:10:58
364,34,10,joint,27994.6,2020-09-05 06:36:43
365,491,4,checking,88755.89,2023-11-04 00:41:42
366,344,2,business,91387.29,2024-11-06 19:02:28
367,330,8,joint,74647.4,2024-06-26 11:18:38
368,100,2,business,96871.56,2023-03-08 08:25:50
369,360,5,joint,57659.01,2023-11-02 00:36:01
370,321,6,credit,2761.31,2024-08-07 15:07:10
371,33,1,savings,40612.33,2024-02-08 11:51:36
372,136,3,savings,70931.81,2022-09-06 10:56:38
373,489,1,savings,67075.73,2022-07-11 14:46:34
374,143,10,credit,57154.93,2023-11-23 07:59:46
375,143,2,credit,17276.67,2023-01-05 10:03:16
376,323,9,savings,63218.16,2024-01-02 08:00:26
377,125,3,joint,80697.38,2021-03-03 20:20:58
378,52,10,business,82476.0,2024-11-22 10:48:22
379,19,4,savings,30464.51,2023-12-12 01:11:48
380,195,1,joint,33880.99,2023-09-27 19:05:24
381,104,3,business,42379.26,2023-03-10 14:44:36
382,480,8,business,25470.43,2020-11-06 18:23:21
383,138,2,business,22829.24,2022-07-25 05:27:53
384,226,7,credit,19438.22,2023-09-02 13:04:07
385,93,9,joint,51867.38,2023-08-31 11:45:55
386,328,3,savings,68005.67,2023-05-03 05:36:25
387,406,3,savings,96510.76,2023-03-18 04:14:57
388,274,9,savings,36612.84,2024-06-06 15:50:49
389,242,7,checking,11218.7,2021-07-08 18:30:17
390,369,7,savings,71961.52,2022-04-18 05:28:49
391,85,2,business,61652.9,2021-10-07 21:39:41
392,471,1,credit,56435.75,2020-10-18 01:20:21
393,205,6,joint,8290.99,2024-06-28 15:06:38
394,275,5,checking,95632.05,2023-02-20 16:38:37
395,485,8,savings,3388.31,2021-09-26 14:12:11
396,34,7,joint,74577.13,2020-01-17 03:56:03
397,135,10,joint,35769.6,2023-05-02 04:35:47
398,350,7,joint,13341.74,2022-09-06 00:23:14
399,388,2,savings,66151.87,2023-07-05 02:26:57
400,7,1,checking,75477.21,2022-01-22 01:02:03
401,49,1,credit,84025.35,2023-04-21 10:00:31
402,352,8,checking,98424.96,2022-05-01 01:30:03
403,309,10,business,21314.35,2024-05-29 00:06:46
404,182,8,checking,86426.11,2020-10-27 02:00:26
405,188,9,savings,20437.28,2023-09-08 00:25:05
406,96,3,checking,40401.14,2021-07-09 00:23:38
407,104,10,savings,93377.9,2022-08-28 20:27:36
408,299,2,checking,48609.92,2021-01-22 21:09:55
409,162,9,joint,68511.62,2024-05-19 00:06:18
410,295,3,credit,58838.01,2021-09-27 04:02:18
411,105,10,credit,57179.1,2022-02-21 06:54:52
412,133,9,credit,42248.2,2020-07-10 17:23:40
413,135,8,checking,17449.58,2021-06-04 14:34:54
414,488,3,joint,86997.84,2023-02-27 16:18:30
415,184,2,joint,79588.92,2023-02-06 11:34:38
416,424,4,credit,58718.89,2021-12-14 23:39:16
417,6,1,savings,82380.77,2022-07-10 05:40:32
418,376,2,business,99896.2,2022-09-28 17:12:30
419,75,2,checking,8237.76,2021-12-30 02:09:38
420,290,2,checking,9691.07,2020-03-13 04:49:43
421,430,1,business,25343.54,2024-02-18 16:38:52
422,427,5,business,22274.59,2024-07-22 06:42:46
423,193,10,joint,12205.9,2023-02-12 14:08:24
424,253,8,business,75260.78,2022-05-17 20:30:54
425,79,10,joint,13187.72,2020-09-10 08:06:08
426,356,7,savings,41071.49,2021-04-04 15:28:24
427,457,6,business,35430.83,2023-04-26 07:31:43
428,475,10,joint,22214.56,2023-06-14 13:37:58
429,65,10,business,4646.38,2023-04-25 00:39:34
430,56,4,savings,45226.0,2020-07-06 06:21:58
431,489,4,business,18878.78,2020-04-27 00:02:37
432,178,10,savings,41813.11,2022-02-27 21:17:24
433,219,10,checking,22025.57,2024-10-04 06:13:08
434,160,2,savings,14961.77,2023-10-06 15:23:45
435,339,8,credit,45963.72,2023-08-10 15:41:37
436,365,6,savings,73532.64,2024-08-22 16:39:44
437,293,6,business,97742.64,2023-10-09 06:59:50
438,480,1,credit,94976.81,2021-06-13 12:41:12
439,52,3,credit,37930.77,2024-10-06 11:06:57
440,456,6,savings,88540.96,2022-06-11 01:23:18
441,115,6,savings,19999.89,2021-01-17 12:25:23
442,244,4,credit,82426.61,2024-02-20 17:16:09
443,492,4,business,45931.87,2020-06-09 15:06:18
444,297,5,checking,51700.48,2020-11-15 10:42:09
445,244,2,joint,46225.6,2022-01-21 04:17:46
446,114,7,checking,7763.68,2022-01-16 10:16:41
447,283,1,credit,71288.1,2020-02-26 20:16:18
448,287,3,credit,82373.66,2020-07-07 11:54:57
449,230,8,checking,96578.76,2022-07-16 17:03:02
450,194,6,business,48571.78,2021-04-20 04:37:50
451,313,7,checking,84864.55,2021-12-10 04:46:15
452,228,4,checking,26619.04,2020-08-17 22:03:03
453,444,9,joint,87234.63,2020-03-09 01:00:46
454,210,1,savings,25980.43,2021-10-18 06:37:43
455,361,8,business,29018.16,2023-06-01 21:02:51
456,444,8,savings,14802.23,2020-10-08 10:55:01
457,314,10,credit,6455.85,2021-10-26 11:14:10
458,184,1,joint,77216.11,2021-09-11 09:31:05
459,271,4,savings,44051.23,2021-09-28 19:15:59
460,54,1,credit,23493.69,2023-12-20 10:17:48
461,356,8,savings,56749.24,2020-06-20 08:07:49
462,259,10,joint,62561.56,2023-04-19 04:27:37
463,143,5,joint,93157.97,2024-09-04 17:54:47
464,169,5,joint,68218.68,2021-05-14 17:05:59
465,294,8,joint,39589.32,2022-10-18 06:43:12
466,321,1,business,21851.74,2024-10-23 15:20:27
467,249,10,savings,72710.17,2024-12-12 19:17:29
468,190,10,joint,62288.6,2020-12-17 12:05:11
469,449,1,checking,26290.02,2024-06-17 09:30:29
470,303,1,credit,25961.41,2021-01-20 23:33:15
471,321,1,credit,34878.28,2022-06-30 08:07:20
472,305,2,joint,19164.93,2024-12-07 05:35:23
473,63,3,business,78520.85,2024-10-07 18:16:29
474,317,1,checking,524.44,2020-12-25 21:58:13
475,43,4,savings,67399.49,2024-04-15 04:48:45
476,338,4,checking,85691.79,2020-04-26 15:55:00
477,65,10,joint,55416.81,2020-08-07 14:39:14
478,403,8,savings,1615.41,2020-03-18 17:09:39
479,11,10,credit,94254.98,2024-06-21 17:27:10
480,481,6,credit,69103.11,2022-01-19 15:34:56
481,175,10,credit,17867.53,2022-01-29 01:50:34
482,421,6,credit,90162.84,2024-10-17 08:37:09
483,252,3,credit,46542.39,2022-12-24 00:56:53
484,385,5,savings,34138.2,2024-04-30 10:08:39
485,251,8,joint,74951.24,2022-07-05 04:57:32
486,331,4,checking,29988.36,2020-05-03 09:44:25
487,215,3,savings,77427.08,2024-05-23 07:15:38
488,318,2,joint,89974.18,2020-05-17 11:38:16
489,11,2,savings,99593.44,2021-04-26 17:17:41
490,316,4,joint,7918.03,2023-12-28 19:19:50
491,165,3,savings,51387.95,2020-01-28 10:57:22
492,358,2,joint,48694.4,2021-03-07 07:07:44
493,106,4,checking,26475.09,2022-11-10 19:09:05
494,130,8,savings,84314.19,2022-05-30 02:25:02
495,209,8,checking,86743.09,2020-07-01 23:55:45
496,400,8,savings,4586.44,2021-03-23 10:09:45
497,75,2,credit,90065.11,2021-10-08 03:02:35
498,234,1,joint,38383.33,2024-11-21 00:50:45
499,100,8,credit,91638.88,2020-02-04 05:56:46
500,389,7,savings,21756.43,2022-05-19 22:21:26
501,43,10,credit,58082.87,2023-10-04 02:27:32
502,134,8,credit,65697.91,2020-07-13 13:55:24
503,212,6,checking,85462.28,2024-11-20 19:08:03
504,302,1,business,1461.2,2020-04-18 14:06:21
505,440,5,checking,82599.14,2021-09-01 19:02:49
506,71,1,checking,51389.29,2020-12-29 03:36:35
507,102,6,credit,59550.16,2022-10-09 11:30:27
508,390,3,joint,7641.98,2023-05-03 15:21:52
509,173,8,checking,67324.69,2020-10-10 06:34:32
510,73,9,joint,17119.13,2021-03-22 02:42:09
511,406,4,joint,7460.41,2021-12-27 08:02:09
512,409,8,business,66611.82,2020-04-21 04:24:45
513,166,7,joint,3717.94,2024-11-17 02:03:34
514,122,4,credit,48094.63,2020-04-29 15:41:03
515,235,8,checking,65890.05,2020-03-13 18:16:30
516,326,5,joint,30949.47,2023-11-27 02:10:17
517,242,6,joint,3618.65,2020-06-05 10:00:26
518,335,4,joint,57476.23,2020-11-02 06:07:47
519,25,7,checking,91104.19,2020-04-29 23:22:58
520,8,1,joint,82332.82,2022-07-09 16:08:06
521,332,5,joint,93969.41,2023-09-26 04:51:17
522,265,9,checking,4996.11,2022-08-06 00:03:17
523,218,8,credit,51492.17,2024-05-24 00:44:29
524,101,6,joint,29970.61,2024-06-09 15:40:11
525,8,7,checking,95552.35,2021-04-25 12:12:19
526,180,8,credit,73053.13,2022-01-01 19:04:12
527,394,2,credit,55234.35,2020-12-17 13:56:16
528,304,10,credit,48840.99,2023-03-24 13:43:36
529,403,5,savings,82364.52,2020-06-30 23:51:03
530,86,5,checking,76089.93,2024-04-09 19:36:18
531,309,2,business,32947.46,2021-03-22 02:44:23
532,108,2,checking,67799.78,2020-06-20 10:07:53
533,322,6,savings,74332.11,2022-08-20 05:05:09
534,172,7,credit,16915.38,2024-02-17 17:38:02
535,90,1,business,26625.4,2022-09-12 14:30:18
536,81,8,savings,7081.22,2020-09-03 22:42:16
537,115,6,savings,48013.09,2020-01-15 00:06:34
538,217,3,savings,95986.88,2021-09-20 15:45:32
539,50,7,credit,52876.79,2021-08-15 16:07:01
540,61,4,business,98384.31,2021-06-11 03:16:44
541,446,2,credit,31237.13,2021-07-19 21:17:59
542,379,5,credit,57199.98,2023-07-08 03:30:33
543,9,1,joint,93419.84,2024-04-17 14:12:27
544,48,8,credit,19273.72,2021-05-09 20:47:44
545,341,9,business,70414.07,2023-12-03 08:41:56
546,221,3,credit,99029.39,2024-05-14 14:32:12
547,383,5,savings,49527.27,2021-12-19 01:02:25
548,352,7,business,22251.5,2021-12-24 05:38:21
549,60,5,credit,71958.15,2024-08-01 06:23:17
550,201,5,joint,89736.64,2022-07-12 23:06:08
551,465,9,credit,85300.32,2020-10-18 01:05:28
552,321,10,checking,44700.99,2021-08-31 02:30:34
553,473,5,savings,14177.2,2021-12-05 01:11:52
554,482,4,business,55616.68,2022-12-18 10:27:36
555,223,6,joint,8729.44,2020-04-22 10:17:44
556,272,7,savings,35758.78,2021-07-16 00:02:24
557,276,8,joint,35632.64,2020-08-10 15:52:54
558,99,5,credit,43788.01,2023-10-05 00:13:56
559,198,6,business,48414.41,2024-06-10 17:10:03
560,43,6,credit,20167.27,2023-07-05 20:11:35
561,351,10,checking,64705.14,2022-01-05 20:21:49
562,259,1,checking,30114.69,2023-05-01 09:27:50
563,339,1,credit,72089.89,2020-04-08 06:25:27
564,459,6,joint,95706.4,2022-01-09 17:33:48
565,45,5,credit,34801.08,2022-04-21 08:16:09
566,404,2,savings,80649.57,2020-02-23 06:29:43
567,34,6,checking,2945.41,2022-07-20 19:55:42
568,240,9,business,6426.97,2022-10-13 19:19:39
569,150,9,checking,16122.61,2021-08-14 08:50:21
570,163,4,savings,14081.02,2023-09-28 09:59:24
571,219,5,credit,46973.9,2024-12-11 12:48:15
572,83,5,joint,90585.95,2023-02-22 06:27:16
573,118,1,credit,87635.45,2023-10-29 12:03:09
574,77,4,credit,82129.81,2020-11-18 16:25:21
575,94,8,credit,9745.71,2024-09-23 01:27:30
576,237,9,savings,96657.16,2020-05-30 20:41:43
577,41,2,business,69783.81,2020-11-28 21:15:45
578,199,6,checking,37959.73,2023-02-16 14:13:32
579,235,7,checking,29723.34,2020-03-05 09:05:28
580,387,5,joint,62679.1,2020-09-18 15:42:07
581,469,6,savings,5485.09,2022-08-30 05:37:28
582,18,3,joint,47387.43,2020-07-06 08:44:56
583,21,6,checking,53689.87,2022-11-21 06:50:08
584,249,5,joint,39655.5,2020-02-07 00:16:13
585,316,3,credit,60412.41,2024-11-24 12:37:06
586,38,4,credit,48320.05,2022-12-29 14:36:38
587,472,4,checking,32366.77,2023-11-01 00:08:46
588,266,4,checking,34397.84,2024-01-06 08:55:08
589,398,4,savings,68679.6,2024-12-13 15:53:59
590,106,4,credit,60621.79,2020-07-13 13:25:25
591,259,10,business,6411.61,2020-01-06 17:31:04
592,410,6,savings,59710.66,2021-07-24 17:36:35
593,295,2,business,72216.2,2020-09-01 21:12:25
594,43,3,checking,92491.4,2024-03-07 06:23:51
595,61,5,business,25691.94,2020-11-07 22:27:57
596,69,8,checking,63692.8,2023-11-13 00:54:50
597,150,6,business,24994.5,2024-06-24 22:43:17
598,290,4,credit,33860.56,2022-09-10 13:51:26
599,352,5,business,88022.6,2022-01-13 08:44:25
600,132,1,credit,11338.69,2024-02-19 15:31:48
601,168,1,savings,99560.49,2020-12-18 14:26:07
602,66,9,savings,68364.23,2023-03-10 10:06:38
603,422,2,business,35590.38,2024-11-14 16:36:10
604,386,8,joint,66016.45,2021-02-08 04:28:53
605,149,6,savings,9114.17,2020-08-06 14:41:32
606,383,2,joint,20926.97,2020-10-05 01:14:13
607,472,9,savings,2157.75,2024-04-28 11:17:57
608,127,8,checking,39894.54,2020-07-16 18:52:37
609,20,1,savings,57902.3,2022-10-27 07:07:24
610,213,3,credit,15938.6,2024-03-22 13:22:50
611,342,2,joint,88358.9,2022-11-29 01:42:24
612,356,4,credit,17090.22,2020-01-16 22:29:56
613,383,5,checking,62902.56,2023-01-05 13:39:57
614,392,2,credit,75095.86,2022-09-29 03:53:47
615,438,4,credit,63468.0,2024-12-19 17:06:25
616,493,3,checking,7123.2,2022-06-27 10:20:17
617,18,7,business,53627.91,2022-03-14 04:40:55
618,271,8,savings,30531.89,2021-07-19 04:33:16
619,150,1,credit,13925.76,2021-09-24 16:41:42
620,57,8,credit,37651.64,2022-01-02 11:20:44
621,217,2,credit,47794.68,2023-06-12 03:57:34
622,99,10,savings,46154.2,2022-03-14 06:28:31
623,76,5,savings,821.39,2022-06-14 03:06:25
624,296,10,joint,47601.81,2023-03-17 19:31:07
625,11,10,checking,86967.25,2023-08-05 12:03:25
626,374,7,credit,29847.73,2022-07-27 16:11:23
627,458,1,savings,99789.07,2022-09-09 00:56:19
628,209,8,joint,93769.38,2023-08-04 02:16:50
629,235,6,savings,47566.27,2022-08-30 18:45:45
630,130,7,credit,26980.25,2021-05-10 02:17:54
631,39,7,savings,93026.51,2021-09-20 22:54:26
632,283,4,savings,76563.5,2024-01-09 19:12:47
633,53,1,joint,84173.98,2024-10-02 20:27:31
634,113,7,business,35523.68,2021-05-08 09:04:46
635,362,6,business,12299.24,2021-12-21 06:54:33
636,494,8,joint,28284.97,2024-11-09 09:05:02
637,430,7,business,95536.18,2022-12-10 17:31:25
638,19,6,credit,43688.44,2022-07-03 02:24:17
639,206,10,joint,48496.94,2021-12-06 21:45:13
640,463,8,business,47622.65,2024-08-03 14:40:44
641,414,2,business,26583.76,2023-09-14 17:26:59
642,330,5,savings,71789.22,2022-04-06 03:10:23
643,276,8,business,43583.45,2020-08-03 01:26:14
644,115,3,credit,26510.98,2021-01-26 01:08:52
645,59,10,checking,31181.19,2024-04-04 12:46:50
646,27,4,checking,21244.35,2023-11-08 04:40:20
647,427,9,checking,19937.64,2020-04-20 14:14:34
648,380,2,business,47630.96,2021-10-30 15:43:43
649,436,1,savings,71881.24,2024-05-11 08:05:50
650,216,9,joint,92469.63,2021-12-02 09:07:46
651,186,3,credit,95958.78,2023-03-03 04:15:15
652,214,10,business,65939.08,2022-02-15 07:20:58
653,242,1,business,96341.07,2021-09-14 10:49:36
654,448,3,checking,1454.89,2023-10-17 14:21:17
655,295,5,joint,22586.04,2023-01-27 14:30:34
656,271,5,savings,65381.55,2021-06-17 18:52:17
657,180,5,joint,83713.4,2020-05-10 10:52:38
658,23,10,credit,33509.14,2020-08-25 05:15:54
659,178,7,business,14125.58,2022-10-01 13:18:09
660,485,8,joint,954.23,2020-08-14 16:21:29
661,394,9,checking,33703.22,2024-03-14 14:03:20
662,471,4,joint,32102.21,2021-12-11 08:43:31
663,233,2,credit,25633.9,2023-09-15 17:07:51
664,180,3,savings,30083.56,2021-04-08 10:12:33
665,363,8,business,21482.3,2022-04-14 19:55:08
666,255,9,credit,72946.82,2021-02-01 01:16:05
667,170,8,joint,73230.19,2021-07-02 07:08:22
668,290,6,joint,5715.58,2024-09-04 09:07:08
669,476,9,business,91476.0,2022-08-08 14:15:24
670,163,1,checking,79245.19,2020-12-23 01:44:43
671,440,1,credit,4494.81,2021-09-13 20:23:37
672,413,9,checking,42090.03,2023-08-06 05:24:17
673,468,5,savings,59652.54,2022-04-22 21:35:37
674,255,7,business,85767.01,2021-10-13 11:31:11
675,473,8,savings,18841.58,2021-06-11 06:42:23
676,235,4,credit,24190.37,2022-09-16 23:35:10
677,423,9,business,27220.97,2022-05-28 17:04:52
678,91,1,joint,88855.52,2022-06-21 05:03:54
679,488,1,credit,59827.74,2024-11-15 13:44:09
680,40,9,joint,38089.11,2020-08-21 00:49:09
681,174,3,joint,60069.25,2022-09-07 01:48:50
682,208,5,credit,62337.76,2024-01-08 14:54:31
683,268,7,business,13339.53,2024-08-28 01:48:05
684,180,2,savings,51849.63,2024-07-13 09:50:07
685,52,7,credit,95871.84,2020-10-18 06:22:31
686,379,3,savings,47152.79,2020-08-07 09:12:53
687,245,8,business,65196.6,2022-12-22 23:18:56
688,389,3,joint,22337.31,2021-02-04 20:40:30
689,242,2,joint,42233.36,2022-01-25 15:07:27
690,123,5,business,4206.05,2022-01-25 06:07:53
691,480,6,checking,24045.69,2024-06-06 09:41:06
692,413,6,joint,34733.48,2023-06-16 03:33:43
693,102,8,joint,67285.14,2024-10-28 10:45:00
694,228,2,business,35261.73,2024-07-06 13:25:25
695,424,6,joint,39845.09,2023-04-30 08:13:40
696,128,7,savings,10644.96,2024-10-14 05:24:17
697,244,8,checking,60614.77,2023-05-25 10:12:20
698,300,1,savings,5467.81,2024-02-25 15:47:51
699,193,9,business,78690.99,2023-05-04 03:47:05
700,81,7,joint,91704.0,2023-04-24 09:50:22
701,27,5,joint,42022.73,2023-12-23 06:38:29
702,78,5,savings,18554.87,2024-08-05 04:12:02
703,113,1,savings,70311.68,2023-04-12 10:36:11
704,259,1,credit,47679.18,2021-09-07 08:39:27
705,355,7,checking,7488.75,2022-06-17 10:00:50
706,382,8,joint,37077.43,2024-12-05 20:36:10
707,147,3,checking,82926.86,2020-06-03 12:29:16
708,141,5,joint,10084.83,2023-03-23 09:37:58
709,239,2,joint,2845.73,2021-04-19 11:24:23
710,216,9,checking,35860.17,2022-08-18 17:58:19
711,117,1,checking,4392.89,2024-07-04 16:58:45
712,161,7,business,22590.22,2021-03-26 00:37:05
713,378,5,business,5303.31,2024-03-21 02:14:16
714,355,9,joint,23581.63,2022-10-24 19:16:26
715,234,7,savings,89781.08,2023-06-16 09:46:57
716,220,2,business,95174.5,2022-09-16 23:15:41
717,322,5,joint,79746.49,2020-05-05 17:38:57
718,116,2,savings,12672.89,2020-10-24 15:33:05
719,302,1,joint,95791.16,2021-12-03 16:29:50
720,70,5,checking,39042.26,2021-01-17 02:49:29
721,59,4,credit,74522.26,2021-04-15 01:32:10
722,6,2,checking,99114.73,2020-12-20 17:06:15
723,340,9,joint,95304.6,2024-11-06 21:21:24
724,257,10,checking,21341.96,2024-11-27 18:36:00
725,401,6,joint,80198.14,2024-06-25 06:58:08
726,200,4,credit,32613.8,2021-03-31 03:40:50
727,317,5,savings,92135.42,2024-04-28 11:06:30
728,29,10,savings,30795.65,2021-11-19 20:46:34
729,257,9,credit,27451.51,2024-08-07 19:26:24
730,481,9,joint,91517.21,2023-04-27 18:36:44
731,64,4,credit,40983.4,2022-06-05 22:31:15
732,381,7,checking,95566.49,2023-09-24 14:26:04
733,76,4,checking,49094.56,2023-10-08 08:02:33
734,107,3,savings,6830.09,2024-09-21 18:26:52
735,444,2,checking,72972.44,2020-09-10 04:40:47
736,200,10,joint,34091.53,2020-02-07 10:01:51
737,40,6,business,77510.14,2022-03-31 20:27:36
738,383,10,savings,3780.9,2024-04-18 14:30:38
739,366,3,credit,90570.3,2020-09-13 14:17:34
740,474,10,credit,71877.96,2022-12-13 17:16:40
741,138,9,credit,35822.9,2022-10-28 06:35:31
742,433,1,savings,89977.38,2022-03-29 03:11:15
743,129,4,credit,98609.81,2024-08-23 13:39:12
744,407,4,credit,49110.83,2021-12-31 11:41:04
745,279,9,business,75318.82,2023-03-03 09:29:07
746,168,7,joint,16133.79,2020-06-05 19:27:54
747,68,2,credit,35139.89,2021-03-31 13:57:54
748,145,9,business,95934.43,2023-09-08 12:23:13
749,153,10,joint,95100.87,2021-09-12 02:17:19
750,496,7,business,96247.31,2023-08-04 21:59:48
751,314,1,joint,51085.84,2021-08-19 12:59:08
752,122,2,business,29206.34,2022-04-01 16:12:48
753,420,7,joint,25131.26,2022-10-22 01:16:02
754,110,6,joint,6448.3,2023-08-27 00:51:59
755,421,2,business,35359.12,2022-08-04 12:40:39
756,55,7,credit,49607.35,2023-07-16 00:23:26
757,346,4,credit,80408.97,2024-06-23 04:55:05
758,22,2,business,95505.29,2021-06-24 16:12:54
759,497,8,business,73757.9,2021-05-14 03:48:34
760,310,2,business,65424.53,2024-02-23 01:09:29
761,166,7,checking,22714.03,2023-03-29 13:44:52
762,371,9,business,10021.53,2022-03-17 17:35:07
763,253,8,checking,31491.02,2023-09-30 20:23:30
764,40,7,joint,50043.0,2021-09-25 14:15:32
765,477,1,savings,42921.21,2020-11-18 10:22:59
766,330,1,savings,39460.76,2024-09-10 17:03:56
767,196,3,business,40734.91,2024-05-05 04:20:39
768,339,4,credit,2011.24,2020-11-30 13:21:54
769,194,1,credit,2290.66,2022-11-06 01:54:49
770,251,7,savings,84480.54,2023-01-27 05:48:59
771,165,9,savings,37762.79,2023-05-14 14:29:10
772,166,8,savings,55146.51,2020-07-25 08:09:34
773,393,8,savings,3302.53,2024-01-25 02:22:02
774,44,5,savings,14458.06,2021-05-11 17:02:11
775,147,5,checking,37720.71,2021-01-27 15:06:57
776,230,7,savings,12886.26,2021-06-01 19:13:49
777,175,1,business,7658.33,2022-04-04 08:47:14
778,240,5,joint,63990.12,2023-02-28 08:26:32
779,484,7,credit,19356.66,2021-11-20 06:54:01
780,195,5,joint,14620.95,2023-06-28 04:41:09
781,127,6,savings,16599.53,2022-04-01 15:22:51
782,261,10,savings,12066.57,2024-10-29 16:18:03
783,274,7,business,13073.34,2024-07-14 10:32:44
784,295,8,business,53161.56,2021-12-05 11:03:00
785,57,3,checking,93349.93,2024-08-24 23:31:06
786,233,2,joint,83436.36,2024-05-21 13:00:42
787,388,4,checking,68236.08,2021-09-23 11:11:00
788,194,1,business,78433.25,2021-02-05 12:06:10
789,296,8,joint,82777.38,2020-04-12 21:36:48
790,249,4,savings,99524.07,2022-10-02 01:22:06
791,280,10,credit,81740.22,2024-12-31 09:20:43
792,176,10,joint,62954.38,2024-07-07 12:36:42
793,294,9,credit,81235.03,2022-04-18 18:37:29
794,180,7,business,41702.62,2024-07-05 16:33:48
795,434,5,checking,44404.1,2022-07-29 21:29:34
796,167,9,business,22510.83,2021-09-23 20:28:50
797,155,9,checking,26721.22,2024-09-11 16:59:13
798,66,10,business,25403.89,2022-10-14 03:51:14
799,379,7,credit,88224.16,2022-05-28 07:16:53
800,331,7,business,19987.6,2023-03-26 12:37:31
801,17,2,business,97295.25,2020-03-11 16:20:26
802,475,5,business,53123.76,2021-11-30 18:02:56
803,16,6,savings,77315.72,2021-06-14 05:20:06
804,221,8,business,18654.78,2022-08-20 03:18:31
805,200,2,savings,19389.43,2024-04-04 01:25:24
806,444,2,business,93273.04,2024-08-18 00:42:56
807,58,1,credit,28695.55,2022-05-24 23:20:57
808,90,8,business,28376.05,2023-04-30 01:06:09
809,463,6,business,32091.48,2022-11-16 08:42:49
810,103,6,credit,60790.04,2024-03-21 00:57:11
811,310,3,joint,25956.74,2023-06-05 22:31:53
812,272,6,savings,68338.3,2022-12-24 10:24:27
813,178,4,credit,69181.39,2020-12-01 10:56:21
814,122,7,savings,12390.7,2021-06-30 06:10:11
815,413,7,checking,22154.83,2023-05-19 13:42:17
816,197,5,savings,3126.07,2022-06-03 01:26:24
817,47,7,joint,80005.1,2024-05-04 17:29:59
818,71,4,savings,15276.03,2024-12-17 20:02:18
819,327,1,checking,79846.4,2024-12-07 21:57:20
820,423,3,joint,39766.46,2021-07-01 05:02:56
821,276,4,savings,20635.1,2023-08-05 22:49:24
822,370,6,credit,93570.62,2021-02-22 00:54:06
823,278,6,business,5192.29,2023-04-09 14:06:04
824,198,8,savings,74327.56,2023-12-07 18:23:10
825,443,3,credit,4611.57,2022-11-25 21:38:27
826,286,4,business,54933.69,2021-11-22 12:52:52
827,174,2,business,82075.79,2022-04-25 09:17:26
828,463,1,joint,79790.55,2020-04-20 04:19:16
829,112,10,joint,33276.63,2021-10-26 16:55:15
830,446,6,business,37249.01,2020-12-27 06:23:33
831,388,2,credit,7862.57,2023-09-05 04:34:06
832,295,8,joint,86316.57,2020-10-19 00:16:09
833,379,10,joint,37981.75,2023-04-20 14:21:13
834,136,1,checking,79433.1,2022-05-31 23:30:28
835,111,9,savings,74813.02,2021-08-17 03:48:47
836,138,8,business,4693.45,2021-07-06 09:10:38
837,235,4,joint,66413.08,2023-05-01 17:45:19
838,298,9,savings,90628.81,2022-08-06 23:08:20
839,431,3,credit,59808.21,2022-04-04 06:34:18
840,355,4,business,36869.27,2022-07-22 21:30:34
841,177,7,credit,31957.17,2020-04-16 20:33:50
842,304,3,business,32865.49,2020-06-09 23:41:15
843,491,9,credit,29264.64,2023-03-24 19:32:19
844,422,6,joint,49653.66,2023-11-20 17:58:20
845,11,4,savings,8112.95,2023-05-13 14:45:59
846,365,5,business,77780.74,2024-05-06 12:02:04
847,342,1,savings,65419.64,2024-10-05 12:52:30
848,340,10,business,2127.58,2020-11-25 16:06:14
849,67,3,joint,39972.39,2023-01-22 00:42:48
850,281,7,savings,98429.57,2023-12-23 04:23:43
851,292,9,credit,11945.73,2024-05-10 22:58:46
852,36,9,savings,28310.08,2021-11-19 23:21:32
853,184,6,credit,58017.42,2024-08-13 09:17:56
854,474,2,checking,52872.78,2021-09-09 01:05:09
855,367,8,savings,82938.73,2023-05-06 01:20:05
856,114,6,savings,22607.7,2024-02-29 06:14:47
857,93,6,business,35424.01,2023-08-13 15:56:09
858,418,1,checking,14114.29,2024-11-26 02:00:54
859,456,3,checking,13403.49,2023-01-09 19:46:24
860,22,1,savings,25577.46,2022-07-13 06:05:21
861,61,7,savings,43802.47,2023-06-18 05:02:14
862,285,5,credit,15943.39,2023-12-03 11:19:53
863,328,1,savings,98866.49,2024-07-02 03:59:00
864,32,3,savings,46969.6,2020-04-28 08:27:53
865,90,7,checking,39777.9,2022-04-28 03:35:33
866,13,9,checking,72470.2,2024-06-01 02:26:00
867,154,9,business,938.96,2020-02-11 03:52:51
868,223,5,business,82005.47,2023-03-16 22:55:44
869,45,10,business,46188.09,2024-09-15 18:27:54
870,416,6,checking,51561.02,2021-09-04 18:10:40
871,483,2,savings,7736.98,2023-08-04 08:58:43
872,328,2,joint,9104.29,2021-05-01 04:33:39
873,247,9,credit,5691.75,2022-01-11 12:33:20
874,438,1,savings,4457.76,2022-07-01 06:53:37
875,453,2,joint,12895.98,2024-02-11 00:51:47
876,37,6,business,90350.73,2021-06-18 13:53:14
877,30,2,credit,52749.44,2023-12-02 07:31:08
878,350,5,business,43324.15,2021-06-22 13:25:20
879,170,4,savings,5188.27,2024-04-05 05:45:39
880,459,9,business,44339.74,2024-01-04 23:17:46
881,405,1,checking,17187.88,2024-04-02 12:14:53
882,235,8,joint,42043.24,2021-05-12 02:28:46
883,247,8,credit,36887.97,2020-01-22 17:51:13
884,105,5,savings,37212.93,2021-10-25 10:37:42
885,382,8,credit,64574.03,2024-05-01 12:03:52
886,256,2,checking,76007.39,2022-11-14 11:07:35
887,8,3,checking,95205.05,2024-08-27 14:21:23
888,28,3,credit,80587.52,2020-01-27 09:21:09
889,496,8,checking,81681.09,2022-05-22 09:21:47
890,85,3,savings,38000.55,2024-09-07 08:38:54
891,33,2,savings,16946.03,2024-02-19 08:33:09
892,164,6,checking,73595.11,2023-11-12 09:50:08
893,176,2,savings,76913.61,2024-07-29 03:53:11
894,176,8,business,93139.59,2020-02-22 19:23:45
895,167,8,business,78496.34,2021-08-02 09:03:26
896,219,1,savings,44019.27,2024-06-29 15:17:10
897,303,3,business,59619.31,2021-08-20 03:48:55
898,387,1,savings,44777.27,2022-07-26 15:32:06
899,235,6,business,81970.03,2020-07-24 07:31:57
900,409,5,checking,17853.03,2020-03-01 08:07:46
901,426,7,business,68978.01,2020-11-16 06:38:52
902,312,2,savings,87232.22,2021-04-20 04:06:58
903,44,8,checking,83140.26,2022-11-13 06:11:12
904,453,4,joint,19547.42,2021-11-29 20:40:56
905,352,4,business,35198.08,2024-06-18 03:34:51
906,426,10,joint,78499.74,2020-09-11 01:08:39
907,376,7,checking,99765.64,2022-09-12 22:18:08
908,6,2,checking,9078.13,2024-12-04 15:06:04
909,384,3,savings,17207.08,2024-01-05 21:25:58
910,27,9,business,60282.66,2023-05-31 12:07:44
911,358,9,credit,54183.92,2023-07-16 00:29:01
912,246,3,checking,77725.35,2021-02-06 06:18:13
913,164,9,credit,63924.03,2022-04-19 12:42:36
914,400,1,checking,21411.29,2022-12-09 12:18:05
915,392,3,checking,18900.41,2022-02-02 22:31:11
916,38,5,credit,895.57,2023-06-07 11:32:38
917,35,6,savings,62029.79,2024-10-24 12:34:57
918,426,9,credit,57053.63,2022-01-16 15:29:44
919,218,9,credit,58143.47,2023-12-30 06:58:28
920,26,9,joint,7690.66,2023-11-05 03:35:14
921,394,1,credit,39560.28,2022-03-08 09:44:59
922,133,6,checking,1655.52,2020-06-28 03:20:31
923,168,8,savings,39714.14,2021-02-24 19:47:30
924,48,9,checking,82408.33,2023-02-14 21:05:26
925,50,3,savings,80981.14,2020-02-09 17:29:59
926,322,9,credit,4185.76,2021-04-26 00:14:28
927,202,10,credit,69423.71,2024-12-08 03:58:30
928,414,3,credit,63664.62,2021-07-18 04:29:46
929,172,10,business,82126.05,2023-04-16 16:22:29
930,182,3,checking,31870.91,2023-06-13 15:36:18
931,111,1,business,32561.03,2020-07-13 10:56:20
932,87,10,business,52441.81,2022-02-15 20:38:01
933,447,6,checking,27382.98,2021-11-22 08:18:30
934,134,3,checking,11724.5,2021-04-10 00:29:02
935,44,6,checking,52849.74,2021-07-17 04:25:10
936,383,4,savings,49065.28,2022-09-25 21:22:49
937,428,5,credit,89417.31,2022-01-22 13:38:42
938,164,10,joint,14742.67,2024-09-01 13:29:22
939,386,3,checking,86288.26,2023-01-09 11:25:52
940,374,10,business,2447.34,2022-08-19 07:36:02
941,360,3,checking,98210.05,2024-07-20 00:05:08
942,194,4,joint,88598.27,2021-06-16 19:53:20
943,348,8,checking,70461.97,2020-12-31 13:14:10
944,468,9,savings,48110.48,2023-12-20 12:04:22
945,29,2,credit,58104.1,2023-08-03 08:56:43
946,272,6,checking,94404.52,2020-02-01 00:19:36
947,474,6,savings,76700.63,2021-03-25 00:03:16
948,151,6,joint,1361.75,2022-10-05 02:53:52
949,197,3,joint,64989.34,2024-04-21 10:38:10
950,266,3,checking,36765.14,2024-07-29 19:49:28
951,80,6,joint,77174.82,2024-08-31 01:50:32
952,425,6,business,91708.86,2022-05-21 07:58:28
953,41,3,credit,91202.61,2023-04-29 11:50:19
954,375,4,savings,88073.19,2024-09-08 08:02:59
955,364,9,credit,91979.85,2021-11-30 12:53:31
956,370,5,credit,85728.6,2020-03-27 21:11:09
957,214,4,credit,33619.86,2021-10-10 03:15:24
958,428,2,joint,3154.99,2021-09-22 23:28:30
959,190,6,savings,82618.37,2020-07-18 16:16:55
960,178,2,checking,32084.4,2021-05-17 13:47:22
961,154,8,business,38389.36,2021-01-15 06:46:16
962,441,3,credit,89004.66,2023-12-18 02:27:04
963,10,9,joint,34136.45,2020-10-27 04:23:48
964,490,1,credit,75577.43,2024-10-02 21:31:02
965,329,7,credit,14721.57,2021-06-25 17:18:31
966,101,7,checking,95124.12,2020-03-08 13:05:20
967,470,2,credit,17427.15,2022-05-27 07:26:29
968,18,6,credit,20056.26,2024-09-10 12:52:56
969,304,5,business,59044.07,2020-08-31 14:38:47
970,291,5,checking,74463.68,2020-08-08 07:29:32
971,369,2,checking,96436.52,2021-11-14 03:40:24
972,258,10,business,83598.41,2023-07-20 01:17:27
973,247,3,credit,98748.72,2022-08-13 12:43:45
974,127,8,credit,59022.38,2023-12-10 09:46:47
975,205,9,joint,33433.9,2022-08-08 07:20:04
976,239,6,credit,59896.86,2021-06-26 17:45:49
977,57,7,business,84632.45,2024-08-20 05:20:04
978,470,9,business,57735.53,2023-04-06 00:45:42
979,362,7,checking,45917.26,2023-06-03 00:33:41
980,119,3,business,39271.8,2021-09-18 06:45:46
981,34,4,joint,96943.65,2024-05-03 13:35:16
982,360,6,savings,40987.54,2024-03-14 07:42:15
983,131,7,joint,41583.5,2020-05-02 07:35:15
984,4,6,joint,82562.32,2023-01-30 16:48:50
985,458,6,business,93551.18,2023-12-17 19:56:39
986,497,3,checking,59599.59,2021-08-21 05:26:57
987,192,7,checking,34469.02,2023-01-17 16:57:56
988,346,7,credit,29111.74,2024-02-02 12:26:17
989,241,5,savings,99803.68,2020-05-28 19:04:51
990,117,7,joint,55931.92,2023-10-06 14:02:47
991,31,10,checking,25064.84,2024-03-05 07:22:38
992,478,9,joint,92688.27,2024-01-04 03:05:26
993,124,1,savings,16503.02,2023-08-05 12:14:16
994,298,5,business,92661.1,2022-06-30 16:39:53
995,384,2,business,70677.02,2024-07-29 10:48:09
996,387,2,joint,86739.03,2022-06-07 19:48:11
997,111,2,savings,81889.67,2020-03-30 01:44:26
998,436,3,credit,4059.63,2021-10-23 11:24:13
999,484,3,credit,75251.91,2020-02-12 22:59:10
1000,444,1,savings,37912.96,2021-12-14 17:18:12
