alert_id,user_id,transaction_id,alert_type_id,alert_timestamp,status
1,194,4729,2,2021-08-01 14:15:22,Resolved
2,219,740,5,2021-10-14 08:40:09,Pending
3,241,2254,4,2023-05-05 19:36:08,Resolved
4,441,1230,3,2024-03-14 15:44:50,Resolved
5,333,2847,4,2024-04-10 05:04:45,Resolved
6,265,4933,5,2020-01-22 19:07:49,Pending
7,135,940,3,2022-05-05 01:22:10,Resolved
8,231,4486,2,2020-11-13 21:48:28,Resolved
9,174,1834,1,2024-01-14 21:48:03,Resolved
10,175,2435,4,2020-05-28 11:18:25,Pending
11,135,3695,3,2020-03-15 15:06:23,Resolved
12,40,2500,2,2021-11-04 12:12:41,Pending
13,90,4877,1,2020-01-13 03:48:42,Resolved
14,125,3409,1,2023-09-22 14:19:26,Pending
15,446,1464,5,2021-12-10 15:11:21,Pending
16,114,2088,4,2023-06-17 20:20:35,Pending
17,95,822,4,2021-10-01 04:18:44,Pending
18,342,2867,3,2020-03-12 22:06:39,Resolved
19,245,373,5,2022-02-07 20:52:52,Pending
20,79,1011,2,2022-01-01 18:44:19,Pending
21,210,1320,2,2020-09-25 08:29:37,Resolved
22,291,807,1,2021-06-11 17:45:37,Pending
23,333,1893,1,2022-04-13 16:15:09,Pending
24,61,1614,3,2024-09-20 14:56:51,Resolved
25,43,4818,1,2023-07-20 19:56:14,Resolved
26,393,1038,1,2024-10-12 18:09:56,Pending
27,252,543,5,2021-03-20 06:36:03,Pending
28,138,1466,2,2023-02-19 01:54:56,Resolved
29,71,1373,3,2020-02-08 14:33:24,Resolved
30,301,904,2,2022-04-04 22:05:39,Resolved
31,236,4144,4,2020-10-11 18:35:16,Resolved
32,377,2212,3,2024-03-13 00:24:57,Pending
33,94,3238,4,2021-08-23 09:06:52,Pending
34,23,4006,5,2021-12-15 09:05:52,Resolved
35,317,3829,3,2024-09-24 17:33:09,Pending
36,114,1272,5,2020-03-07 22:10:34,Resolved
37,383,3297,2,2020-03-18 00:06:06,Resolved
38,100,3579,1,2020-05-08 23:28:00,Resolved
39,23,3167,2,2020-10-29 01:31:32,Resolved
40,461,86,2,2021-06-21 08:19:16,Pending
41,142,4414,1,2024-05-26 02:42:51,Pending
42,468,1446,4,2020-04-11 19:53:42,Pending
43,87,1093,4,2021-03-28 11:11:02,Resolved
44,212,558,5,2024-08-23 05:09:31,Pending
45,413,1309,1,2022-11-13 17:53:39,Resolved
46,3,533,4,2023-04-06 14:30:18,Resolved
47,23,417,2,2021-01-31 11:41:14,Resolved
48,394,2268,2,2024-10-01 22:18:52,Resolved
49,4,587,3,2023-08-07 06:38:57,Resolved
50,469,3450,3,2023-04-15 03:29:05,Resolved
51,434,2432,4,2021-10-14 15:21:42,Resolved
52,143,827,3,2022-09-13 01:29:11,Pending
53,348,4764,1,2020-12-16 12:36:38,Pending
54,57,4860,3,2023-03-14 12:59:40,Pending
55,410,2554,3,2020-02-11 07:21:00,Pending
56,89,4812,1,2020-03-13 13:01:43,Pending
57,42,4726,5,2020-02-17 16:43:40,Pending
58,156,1523,1,2024-02-17 17:18:55,Resolved
59,84,2087,5,2021-04-25 14:56:21,Pending
60,371,4232,3,2020-10-24 05:32:23,Resolved
61,311,4613,1,2020-07-20 18:40:02,Pending
62,304,3190,3,2023-08-15 17:17:19,Resolved
63,153,61,3,2022-08-07 16:04:47,Resolved
64,97,539,5,2021-02-22 13:53:58,Pending
65,125,4557,1,2022-11-06 17:21:04,Resolved
66,193,1098,2,2020-11-14 01:45:34,Pending
67,275,2064,4,2021-04-17 01:01:37,Resolved
68,388,4929,1,2022-07-23 13:52:46,Resolved
69,348,3209,5,2022-09-01 10:02:37,Resolved
70,220,1953,5,2023-05-06 13:18:56,Resolved
71,224,3883,3,2024-10-31 20:10:03,Resolved
72,223,4318,5,2024-07-14 12:50:37,Pending
73,419,2138,1,2020-08-09 13:28:11,Resolved
74,178,935,1,2021-04-26 19:01:51,Resolved
75,180,2805,2,2021-08-28 10:02:21,Resolved
76,258,1663,1,2021-11-08 10:39:50,Pending
77,37,2844,5,2021-05-15 20:58:37,Resolved
78,195,1343,2,2023-02-13 21:43:55,Pending
79,116,4704,2,2021-08-29 16:30:26,Pending
80,400,18,5,2022-10-22 15:18:14,Pending
81,441,954,2,2020-10-21 18:45:26,Resolved
82,360,277,1,2023-03-10 17:58:16,Pending
83,209,4061,3,2022-09-05 07:35:10,Resolved
84,1,3428,5,2021-11-13 13:37:08,Pending
85,461,211,2,2024-03-24 00:56:49,Resolved
86,89,1003,1,2021-04-06 04:29:08,Resolved
87,108,1661,4,2021-11-15 03:12:31,Resolved
88,2,3302,4,2024-03-28 23:05:30,Pending
89,258,604,5,2023-05-30 11:44:15,Resolved
90,243,2827,5,2020-10-02 12:40:04,Resolved
91,98,2203,3,2023-01-25 20:19:20,Resolved
92,321,185,2,2020-12-28 03:15:08,Resolved
93,55,3777,1,2020-07-04 14:18:26,Pending
94,121,3307,3,2023-08-18 05:30:36,Pending
95,455,111,5,2021-08-16 11:45:48,Resolved
96,173,4250,2,2023-01-31 15:13:42,Pending
97,347,2213,4,2022-03-06 21:09:10,Resolved
98,486,3526,2,2023-07-31 02:38:19,Resolved
99,51,920,1,2022-11-19 15:27:34,Pending
100,453,4776,5,2024-04-25 09:31:42,Resolved
101,6,384,3,2021-09-15 12:21:01,Resolved
102,134,3098,5,2021-12-01 13:46:13,Pending
103,326,1161,5,2022-06-24 10:08:05,Resolved
104,349,2960,2,2022-07-02 18:50:13,Resolved
105,182,2060,1,2021-10-15 04:54:59,Pending
106,424,4079,1,2020-09-04 20:19:48,Resolved
107,183,1221,3,2024-12-11 09:32:37,Pending
108,436,1618,1,2023-11-07 14:03:36,Resolved
109,107,2189,3,2022-05-21 10:57:12,Pending
110,223,4301,5,2023-06-28 13:03:39,Pending
111,19,2872,5,2024-11-27 20:49:41,Resolved
112,20,1760,3,2023-05-17 22:21:57,Pending
113,123,548,5,2022-05-01 08:23:03,Pending
114,274,232,2,2024-08-21 17:11:03,Pending
115,181,4774,4,2021-05-15 10:44:05,Pending
116,147,4099,4,2023-08-04 22:52:30,Resolved
117,71,1360,5,2020-02-19 18:40:57,Pending
118,302,2039,3,2022-07-24 08:13:22,Pending
119,79,1310,2,2020-07-29 14:52:09,Pending
120,367,646,1,2021-05-05 16:06:59,Pending
121,180,950,2,2023-09-06 09:31:11,Resolved
122,402,4562,5,2022-07-13 03:26:48,Pending
123,343,3671,5,2022-09-29 05:23:14,Pending
124,346,3570,2,2024-01-05 06:38:28,Resolved
125,20,4933,3,2021-04-12 16:44:58,Resolved
126,278,3783,3,2023-02-25 14:03:34,Resolved
127,131,3503,4,2024-03-23 04:17:56,Pending
128,251,1406,3,2020-06-21 05:13:47,Resolved
129,324,2154,4,2024-09-26 07:28:54,Pending
130,480,1387,1,2024-03-27 16:21:27,Resolved
131,127,2089,2,2020-04-02 05:04:33,Pending
132,297,981,3,2020-06-07 19:21:25,Pending
133,204,2772,5,2023-12-23 23:59:26,Resolved
134,7,1144,2,2022-05-11 11:29:19,Resolved
135,295,2172,5,2022-04-16 14:28:22,Pending
136,244,1698,3,2020-08-15 17:08:47,Resolved
137,440,4732,3,2020-07-23 13:29:17,Resolved
138,81,4361,4,2020-01-01 16:37:40,Resolved
139,459,3316,3,2020-10-30 21:46:34,Pending
140,308,3164,2,2022-03-12 15:25:50,Pending
141,64,4820,5,2020-03-14 22:49:21,Resolved
142,57,3514,3,2020-01-05 04:52:56,Pending
143,237,1505,3,2024-04-19 18:45:19,Resolved
144,256,3909,2,2021-05-26 23:31:05,Pending
145,125,2611,4,2022-06-25 06:54:36,Pending
146,101,1004,2,2023-02-20 14:13:42,Pending
147,477,4735,1,2024-02-25 17:55:39,Resolved
148,405,2289,2,2023-03-04 15:50:54,Resolved
149,8,2448,5,2021-12-21 05:40:33,Pending
150,264,3334,2,2022-08-25 08:59:10,Pending
151,178,75,1,2024-10-10 04:21:37,Pending
152,173,2746,1,2020-01-25 00:08:14,Resolved
153,241,1587,4,2023-06-04 03:43:38,Pending
154,317,2693,3,2022-01-27 01:11:12,Resolved
155,475,145,2,2023-06-04 15:43:01,Resolved
156,35,1201,1,2022-08-02 04:15:55,Pending
157,269,3172,3,2023-10-23 13:18:53,Pending
158,6,4152,4,2024-12-07 06:05:11,Pending
159,286,4442,4,2022-09-27 02:47:26,Pending
160,62,2498,1,2020-12-21 12:57:26,Pending
161,242,2529,5,2024-05-26 07:45:16,Resolved
162,255,3492,5,2021-08-20 21:07:55,Resolved
163,349,4553,4,2022-01-14 13:44:59,Pending
164,228,502,2,2024-01-21 16:03:17,Pending
165,489,986,5,2022-01-04 06:08:23,Pending
166,249,2277,3,2022-05-06 14:17:04,Pending
167,488,4695,5,2023-11-08 13:42:02,Resolved
168,431,3120,4,2020-03-18 20:55:25,Pending
169,21,4682,1,2024-05-04 08:00:36,Pending
170,428,2545,4,2022-12-21 12:20:54,Resolved
171,453,2278,1,2020-12-02 19:55:58,Resolved
172,46,4713,3,2022-05-07 07:48:58,Pending
173,304,4927,1,2020-04-23 10:45:59,Pending
174,295,2619,4,2021-05-08 19:50:10,Pending
175,39,1857,4,2020-09-01 01:24:56,Pending
176,460,2778,3,2020-09-13 18:46:38,Resolved
177,275,903,3,2022-12-29 09:05:43,Pending
178,191,3307,1,2020-04-14 22:31:08,Pending
179,462,3815,3,2023-07-10 00:50:52,Pending
180,483,3881,3,2020-01-16 21:11:33,Pending
181,112,2054,5,2023-12-03 04:20:29,Pending
182,412,321,3,2022-11-19 12:54:51,Resolved
183,423,3846,4,2021-08-13 03:10:11,Resolved
184,271,755,2,2023-04-27 21:49:19,Resolved
185,354,1071,3,2024-01-23 20:03:37,Resolved
186,343,3549,5,2023-09-19 15:41:50,Resolved
187,234,374,5,2023-10-14 07:54:08,Resolved
188,25,536,4,2020-05-27 05:49:30,Resolved
189,103,1643,2,2021-02-25 09:57:27,Resolved
190,479,3322,4,2023-05-10 16:56:47,Resolved
191,243,2032,5,2024-08-13 05:38:02,Resolved
192,451,4424,1,2021-08-26 09:34:10,Resolved
193,122,857,5,2020-03-07 17:56:04,Resolved
194,353,3384,1,2021-06-21 12:51:44,Resolved
195,2,1069,5,2023-08-30 07:19:45,Pending
196,173,2756,4,2022-01-27 22:28:20,Pending
197,434,2900,3,2023-02-19 12:38:46,Resolved
198,484,3379,1,2020-10-25 14:56:02,Pending
199,27,1251,2,2020-12-17 02:59:03,Resolved
200,478,1766,1,2021-08-24 15:00:54,Resolved
201,403,3611,4,2022-03-26 19:54:16,Resolved
202,44,1792,5,2024-06-30 20:18:22,Resolved
203,215,1561,5,2022-09-10 04:21:39,Resolved
204,320,3796,2,2023-03-27 16:30:24,Pending
205,217,2746,3,2021-04-26 00:40:03,Pending
206,19,4615,2,2021-07-16 10:07:00,Resolved
207,336,2113,1,2020-11-11 21:02:14,Resolved
208,498,2223,3,2024-06-16 08:40:56,Resolved
209,303,2555,5,2023-08-23 20:40:49,Pending
210,224,4747,3,2020-05-14 17:16:46,Pending
211,497,999,2,2023-10-27 13:12:30,Pending
212,388,805,1,2023-05-28 23:57:27,Resolved
213,402,2647,5,2024-06-22 19:15:27,Pending
214,378,4408,5,2024-09-17 04:44:50,Pending
215,287,2897,2,2024-04-03 09:39:35,Pending
216,463,2387,1,2021-09-15 16:19:16,Pending
217,350,2777,5,2020-01-03 04:45:08,Pending
218,438,754,3,2021-03-06 22:41:51,Resolved
219,246,925,3,2024-08-07 22:01:47,Resolved
220,334,4373,5,2022-01-20 23:09:13,Pending
221,450,3935,5,2023-12-30 14:14:56,Resolved
222,389,4205,4,2024-08-05 19:42:26,Resolved
223,415,1251,2,2021-03-31 06:00:41,Pending
224,114,2602,1,2024-12-13 08:40:20,Resolved
225,413,643,4,2022-08-06 02:53:47,Resolved
226,361,1845,3,2021-01-30 08:24:13,Resolved
227,78,2950,2,2024-07-06 18:44:18,Resolved
228,80,1182,1,2021-01-06 09:43:27,Pending
229,329,1793,3,2024-10-11 09:11:35,Resolved
230,174,3413,3,2022-01-26 16:18:24,Resolved
231,161,469,1,2023-04-18 18:42:06,Resolved
232,238,297,5,2023-09-06 09:57:46,Resolved
233,6,1981,2,2021-06-19 03:14:49,Resolved
234,380,75,5,2022-12-03 00:07:04,Pending
235,429,3252,4,2021-05-29 00:29:38,Pending
236,330,3139,5,2021-07-24 23:29:41,Pending
237,356,907,3,2024-01-25 21:21:09,Pending
238,27,3172,1,2020-06-15 13:53:45,Pending
239,399,1880,5,2022-03-22 00:01:39,Pending
240,416,4375,3,2022-12-08 08:22:36,Pending
241,321,4404,1,2020-04-20 18:54:39,Resolved
242,18,679,2,2024-01-04 11:43:31,Pending
243,277,3684,5,2020-08-08 05:02:41,Pending
244,44,1343,4,2023-06-16 16:20:30,Pending
245,19,879,5,2023-12-19 00:25:10,Resolved
246,466,3653,4,2021-02-25 23:31:10,Resolved
247,175,3174,3,2022-12-12 06:35:51,Pending
248,150,1474,1,2020-03-17 13:50:19,Resolved
249,87,3783,5,2021-03-01 19:45:47,Pending
250,84,2260,1,2020-04-24 02:21:02,Resolved
251,124,640,2,2021-11-17 19:55:08,Pending
252,349,1114,3,2023-06-04 07:21:48,Pending
253,186,4484,3,2021-01-07 10:13:41,Resolved
254,468,2677,2,2020-04-08 03:32:59,Pending
255,306,1237,3,2023-12-31 23:23:19,Resolved
256,317,1333,3,2021-06-02 06:18:22,Pending
257,168,168,4,2024-02-11 08:15:47,Resolved
258,233,2786,1,2021-06-03 01:25:39,Resolved
259,218,4872,5,2021-04-06 12:13:22,Pending
260,300,4289,4,2020-12-31 05:54:36,Resolved
261,109,679,4,2020-09-22 18:16:41,Resolved
262,83,2258,1,2023-02-27 14:37:14,Pending
263,206,957,2,2023-01-16 03:06:18,Resolved
264,326,540,1,2021-10-26 13:46:46,Pending
265,381,1818,3,2024-04-13 17:23:05,Pending
266,138,1100,5,2021-08-11 04:57:27,Resolved
267,233,4493,1,2020-06-17 16:43:08,Pending
268,71,4008,1,2021-02-24 19:05:07,Resolved
269,382,4713,5,2021-10-28 18:43:14,Resolved
270,112,1064,2,2022-03-23 08:03:56,Pending
271,291,1495,4,2021-03-13 08:07:43,Resolved
272,324,4054,2,2021-02-16 18:47:52,Pending
273,311,269,3,2024-04-01 03:14:08,Pending
274,36,468,3,2024-04-27 19:30:27,Resolved
275,185,3418,3,2022-12-20 15:08:48,Pending
276,83,1961,4,2024-09-28 11:30:24,Resolved
277,491,48,2,2022-04-30 19:46:11,Pending
278,416,1518,1,2022-03-15 15:42:40,Resolved
279,153,1902,4,2024-06-27 03:26:11,Resolved
280,469,4627,4,2022-09-05 00:14:23,Resolved
281,301,3202,4,2020-05-17 20:59:19,Resolved
282,305,2927,4,2020-12-10 14:24:13,Resolved
283,111,2555,4,2022-05-19 12:58:56,Resolved
284,195,2350,5,2021-05-07 06:49:51,Pending
285,260,3200,1,2022-06-30 20:18:47,Pending
286,129,83,4,2023-08-29 00:34:13,Pending
287,384,253,1,2020-09-16 08:24:06,Resolved
288,487,429,5,2022-12-08 00:49:52,Pending
289,83,4694,5,2020-03-08 17:29:21,Resolved
290,202,473,4,2023-02-22 14:53:38,Resolved
291,363,1368,2,2024-04-01 09:37:39,Pending
292,274,2542,2,2021-08-15 05:30:14,Resolved
293,465,4645,3,2024-08-13 10:06:51,Resolved
294,334,2585,4,2022-09-02 10:42:19,Pending
295,298,3885,2,2020-10-15 04:15:23,Pending
296,430,856,3,2020-07-25 03:24:07,Pending
297,174,858,3,2021-03-02 22:30:25,Resolved
298,375,4245,2,2021-03-20 05:51:08,Pending
299,372,990,4,2023-08-20 14:48:01,Pending
300,330,3573,1,2022-10-11 02:28:32,Pending
301,310,579,5,2024-10-15 03:39:56,Resolved
302,238,65,1,2023-04-29 01:43:23,Pending
303,110,3095,2,2024-04-09 03:21:27,Pending
304,54,2705,4,2021-10-03 08:14:26,Resolved
305,336,553,5,2022-04-20 00:25:27,Pending
306,124,2183,2,2023-07-11 06:09:16,Pending
307,43,2906,3,2023-12-31 08:22:27,Pending
308,169,2555,2,2022-06-08 11:44:08,Pending
309,32,4291,5,2023-04-12 06:03:54,Resolved
310,167,3441,3,2021-05-09 01:16:34,Resolved
311,144,3421,5,2022-07-14 03:02:33,Resolved
312,437,4652,4,2020-07-09 20:33:37,Pending
313,152,1637,4,2023-01-28 04:38:07,Pending
314,252,4629,1,2020-11-30 02:06:28,Resolved
315,196,4803,2,2023-03-02 10:20:37,Resolved
316,103,122,1,2021-07-15 18:31:21,Pending
317,11,1625,4,2021-12-21 21:20:44,Pending
318,455,3030,5,2021-05-12 16:26:47,Pending
319,409,4308,2,2024-09-26 01:35:17,Resolved
320,40,2598,5,2024-05-15 08:56:55,Pending
321,18,2771,3,2024-07-28 18:03:49,Resolved
322,207,2948,2,2024-02-17 09:34:16,Resolved
323,464,2688,2,2023-04-13 12:40:06,Pending
324,246,1717,1,2024-02-02 00:13:56,Pending
325,120,1114,1,2023-11-25 12:09:32,Pending
326,355,3175,2,2020-03-27 10:59:23,Resolved
327,481,2018,4,2024-03-22 06:21:33,Pending
328,379,1114,4,2023-07-05 14:13:07,Pending
329,94,4213,5,2021-05-28 05:11:30,Resolved
330,85,1581,1,2021-10-04 14:21:47,Pending
331,328,1345,2,2022-04-17 23:46:37,Resolved
332,79,4605,3,2021-08-05 02:58:31,Resolved
333,439,118,5,2020-09-22 14:38:02,Pending
334,139,4759,2,2021-05-21 15:23:38,Resolved
335,444,69,5,2023-02-21 00:56:38,Pending
336,309,40,1,2024-11-22 00:14:55,Resolved
337,159,2904,5,2020-01-19 11:06:59,Resolved
338,498,2493,4,2021-07-28 10:48:28,Resolved
339,334,1951,5,2022-01-07 18:41:17,Resolved
340,142,1171,2,2020-12-18 16:06:09,Pending
341,399,1595,4,2021-12-29 04:38:11,Resolved
342,100,3447,4,2021-06-17 02:14:09,Pending
343,443,1892,2,2022-02-05 02:20:48,Resolved
344,483,1549,5,2021-04-26 04:24:06,Pending
345,352,1469,3,2020-07-08 03:18:35,Resolved
346,369,4693,5,2024-02-27 10:45:26,Resolved
347,125,4543,1,2023-10-17 15:21:50,Pending
348,374,2744,4,2020-10-10 15:59:24,Resolved
349,232,618,2,2021-12-17 06:50:46,Resolved
350,7,3612,3,2021-01-31 05:29:40,Pending
351,222,1620,5,2021-05-30 01:20:13,Resolved
352,177,1270,3,2023-06-17 19:46:10,Pending
353,262,2559,3,2024-06-29 06:44:59,Resolved
354,300,544,1,2020-05-16 07:21:59,Resolved
355,294,1761,2,2022-09-19 19:56:10,Resolved
356,488,421,5,2024-06-05 01:07:13,Pending
357,460,129,2,2023-09-21 15:15:01,Pending
358,424,4292,1,2024-02-24 02:53:01,Pending
359,274,2891,2,2021-05-16 15:25:05,Resolved
360,269,2735,2,2022-05-24 11:17:40,Resolved
361,200,3791,1,2024-03-02 09:50:05,Pending
362,21,2083,4,2020-07-04 20:44:39,Resolved
363,105,4815,1,2022-06-11 02:12:11,Resolved
364,306,1238,1,2020-05-10 21:52:19,Resolved
365,61,284,4,2021-06-25 08:59:23,Resolved
366,463,1526,1,2024-10-01 09:36:09,Pending
367,122,444,1,2020-01-13 15:27:27,Pending
368,467,198,1,2024-06-14 12:20:22,Resolved
369,497,3218,4,2020-01-21 04:37:34,Pending
370,130,908,4,2020-01-12 03:16:55,Pending
371,336,739,2,2020-01-22 22:48:31,Resolved
372,283,2227,3,2024-08-28 22:51:42,Resolved
373,428,1686,2,2023-05-10 17:45:04,Pending
374,191,994,3,2024-09-26 04:16:23,Pending
375,33,4024,4,2022-10-05 16:00:59,Resolved
376,174,3614,4,2021-06-01 10:35:34,Pending
377,103,1691,2,2023-07-08 10:01:37,Resolved
378,202,79,3,2021-07-25 14:22:23,Pending
379,340,4194,4,2024-04-19 09:40:12,Resolved
380,119,3798,1,2020-12-07 12:40:11,Pending
381,170,1703,5,2024-11-14 06:05:25,Resolved
382,233,916,5,2024-01-31 13:57:53,Resolved
383,474,2962,2,2021-08-10 11:39:24,Resolved
384,120,3344,2,2022-02-12 02:30:38,Resolved
385,228,2804,2,2022-12-12 08:23:58,Pending
386,148,75,1,2021-08-26 02:17:05,Resolved
387,107,2865,3,2024-10-27 23:01:43,Resolved
388,224,3281,1,2020-05-19 05:53:56,Resolved
389,158,2140,4,2023-08-01 00:39:06,Pending
390,243,3090,2,2021-05-30 06:16:39,Pending
391,70,984,3,2024-08-22 01:24:34,Pending
392,14,4599,2,2023-02-15 16:07:45,Resolved
393,109,2004,1,2023-11-14 02:13:34,Resolved
394,471,4014,2,2024-02-28 12:42:42,Resolved
395,224,195,2,2022-10-01 03:19:05,Resolved
396,356,1736,3,2020-05-17 07:33:48,Resolved
397,370,4949,4,2023-12-17 13:49:52,Resolved
398,262,1245,1,2024-09-30 20:56:14,Pending
399,106,1360,5,2023-01-02 23:24:48,Resolved
400,486,194,2,2020-12-02 05:59:02,Pending
401,178,4455,3,2024-08-14 02:00:33,Resolved
402,219,3900,5,2023-04-04 15:27:35,Resolved
403,407,2272,2,2020-07-04 23:59:34,Pending
404,73,2043,3,2022-11-10 00:05:35,Pending
405,378,4982,5,2024-01-16 21:23:57,Pending
406,290,1319,1,2024-12-21 03:03:14,Pending
407,222,1821,3,2022-01-22 15:43:52,Resolved
408,147,4712,5,2024-09-02 15:49:28,Resolved
409,469,2734,5,2021-10-03 22:38:13,Pending
410,395,4177,5,2020-08-21 03:38:55,Pending
411,348,2799,2,2022-07-06 20:19:38,Pending
412,257,4141,2,2023-08-02 03:58:06,Resolved
413,180,4899,5,2024-12-30 19:27:41,Resolved
414,495,4541,1,2021-09-24 05:23:53,Resolved
415,224,2987,4,2024-09-16 02:38:14,Pending
416,408,1390,3,2023-11-15 22:44:58,Resolved
417,152,4828,3,2024-11-04 09:03:26,Pending
418,259,2871,5,2024-11-06 01:51:59,Resolved
419,447,624,4,2021-02-10 18:56:55,Pending
420,247,4402,2,2020-09-30 13:14:56,Pending
421,169,2422,4,2022-04-12 01:09:44,Resolved
422,468,3462,3,2020-02-21 22:15:57,Pending
423,418,1324,5,2024-09-01 13:27:51,Pending
424,130,4719,2,2024-01-18 12:56:56,Resolved
425,214,2048,2,2020-09-19 22:09:19,Pending
426,398,1442,5,2023-06-22 08:25:05,Pending
427,43,4128,1,2024-10-12 18:32:32,Pending
428,202,3706,1,2022-10-17 04:24:42,Pending
429,156,4166,4,2021-09-22 13:43:41,Resolved
430,431,3683,1,2021-11-09 16:49:40,Resolved
431,278,3663,2,2021-08-01 22:09:58,Pending
432,202,4732,3,2020-01-30 22:03:51,Pending
433,337,2179,4,2022-05-13 00:56:31,Resolved
434,56,2221,4,2024-11-26 10:32:13,Resolved
435,487,3814,2,2022-03-28 11:16:21,Resolved
436,83,867,2,2022-08-24 08:39:52,Pending
437,147,3813,1,2022-07-17 17:25:39,Resolved
438,88,3956,5,2024-02-11 11:50:03,Resolved
439,24,3136,1,2023-12-22 23:52:44,Pending
440,112,4765,4,2021-11-06 09:42:18,Resolved
441,107,447,1,2023-01-08 02:00:27,Resolved
442,167,1583,3,2021-09-04 18:37:47,Resolved
443,343,1661,2,2020-09-13 03:19:35,Resolved
444,302,3229,4,2020-06-14 15:49:03,Pending
445,143,2369,1,2021-03-05 09:32:45,Pending
446,289,4209,1,2023-11-30 16:21:37,Resolved
447,113,117,3,2022-04-02 01:57:32,Resolved
448,256,2902,5,2022-08-25 03:52:52,Resolved
449,222,39,3,2024-02-21 00:18:24,Pending
450,487,2954,1,2022-12-30 17:30:37,Resolved
451,16,1254,5,2021-06-25 06:56:30,Pending
452,188,2196,3,2022-02-05 11:47:38,Pending
453,482,837,5,2021-07-01 23:58:36,Resolved
454,254,2522,1,2021-12-13 11:58:20,Resolved
455,414,868,5,2024-06-17 16:50:23,Pending
456,118,396,3,2021-12-05 00:06:59,Pending
457,150,3715,1,2022-02-19 13:15:29,Pending
458,422,3800,3,2020-06-22 07:03:32,Resolved
459,92,4516,3,2021-05-16 06:38:15,Pending
460,100,4865,5,2024-04-03 05:45:51,Resolved
461,145,3253,4,2020-07-12 15:52:06,Pending
462,486,3971,2,2020-09-25 07:40:11,Resolved
463,393,4213,1,2022-08-10 02:01:44,Resolved
464,109,3017,1,2022-08-31 23:10:25,Resolved
465,102,615,4,2024-02-29 08:42:20,Pending
466,139,3369,5,2021-09-01 06:27:18,Resolved
467,479,82,5,2020-11-27 23:33:08,Pending
468,88,4218,5,2021-06-19 04:19:37,Pending
469,196,3804,3,2021-09-11 13:10:25,Pending
470,374,3402,1,2022-04-22 09:29:18,Pending
471,481,4462,3,2024-03-07 19:27:52,Resolved
472,442,2407,4,2024-11-07 22:16:49,Pending
473,403,4915,5,2024-09-15 06:02:25,Resolved
474,174,3734,4,2023-04-27 19:32:52,Pending
475,407,2047,5,2024-05-09 08:10:43,Resolved
476,387,3605,5,2022-02-21 09:17:16,Pending
477,129,1973,1,2020-08-21 11:34:23,Resolved
478,15,2211,3,2022-09-17 23:36:52,Pending
479,35,2952,4,2021-11-02 03:00:06,Resolved
480,93,4593,5,2021-05-10 19:31:38,Resolved
481,456,859,1,2020-12-05 08:13:48,Resolved
482,65,2199,4,2022-02-14 11:12:55,Pending
483,379,1050,1,2020-09-03 21:21:19,Pending
484,483,3903,2,2021-07-29 01:06:04,Resolved
485,99,3474,4,2020-11-28 10:42:30,Resolved
486,149,632,2,2022-06-16 20:06:41,Resolved
487,96,1219,2,2022-02-12 04:52:30,Pending
488,158,1828,2,2022-11-17 01:27:33,Pending
489,296,3578,4,2020-09-27 03:29:22,Pending
490,171,3211,5,2021-02-04 16:21:37,Pending
491,496,2094,2,2020-03-16 08:15:42,Resolved
492,350,829,3,2023-07-30 00:10:19,Resolved
493,142,802,1,2024-03-16 13:11:11,Pending
494,225,1767,3,2024-10-06 15:01:21,Resolved
495,315,1183,1,2024-07-11 14:50:07,Resolved
496,196,1608,5,2022-11-02 12:12:44,Resolved
497,241,3066,2,2021-07-12 11:04:54,Pending
498,498,1873,3,2024-08-13 02:24:26,Pending
499,279,2856,1,2020-02-03 03:49:58,Pending
500,315,3716,2,2024-08-06 16:10:33,Pending
501,14,2423,2,2023-11-10 20:49:18,Pending
502,228,605,2,2022-05-01 02:06:38,Pending
503,22,4231,4,2020-08-13 18:28:24,Resolved
504,147,3068,4,2024-04-21 13:39:18,Pending
505,238,2585,4,2023-06-21 06:32:51,Pending
506,240,923,2,2021-11-01 10:59:26,Resolved
507,420,3663,3,2024-06-11 14:31:41,Resolved
508,284,3185,2,2024-10-08 18:25:01,Pending
509,93,3512,4,2022-12-31 08:35:07,Pending
510,290,3948,3,2024-08-20 22:47:03,Resolved
511,140,2259,5,2024-10-23 15:52:53,Pending
512,272,2529,4,2024-08-22 22:56:26,Resolved
513,37,3315,3,2023-03-11 20:12:33,Pending
514,360,922,5,2023-08-18 14:33:12,Pending
515,311,4991,2,2024-05-08 13:17:56,Resolved
516,190,1334,4,2020-02-27 04:36:48,Pending
517,33,1586,3,2022-04-02 15:49:03,Pending
518,270,2996,5,2020-09-27 04:34:36,Pending
519,35,1766,2,2023-05-07 18:38:15,Pending
520,63,1396,3,2023-10-20 16:54:48,Pending
521,154,879,2,2021-01-29 15:17:54,Pending
522,294,4881,4,2021-09-10 02:56:09,Resolved
523,136,4636,1,2023-12-05 19:57:46,Resolved
524,14,4380,3,2021-05-31 05:04:12,Resolved
525,352,1862,4,2021-12-29 13:46:24,Pending
526,486,1068,2,2024-07-01 04:21:32,Resolved
527,115,2715,1,2022-03-27 15:51:34,Resolved
528,412,2910,2,2020-12-22 08:44:09,Pending
529,244,4708,1,2020-05-09 01:42:56,Pending
530,314,1776,4,2024-07-31 05:22:05,Resolved
531,379,1348,1,2021-04-20 20:31:21,Resolved
532,398,2576,3,2020-02-16 11:59:22,Pending
533,130,597,4,2020-01-12 16:07:44,Pending
534,122,977,3,2022-07-29 21:13:08,Pending
535,138,4897,5,2022-06-08 14:57:07,Resolved
536,90,4751,2,2022-04-26 02:05:24,Resolved
537,485,2926,1,2020-12-09 18:07:51,Pending
538,58,4968,2,2020-09-18 10:59:17,Pending
539,480,3265,3,2024-08-31 16:11:51,Resolved
540,280,4678,2,2024-09-04 07:08:15,Pending
541,180,2577,3,2020-04-05 01:50:44,Resolved
542,142,3014,3,2020-10-13 23:25:53,Resolved
543,438,4677,5,2022-11-15 14:27:07,Resolved
544,327,1129,3,2021-07-23 10:40:13,Pending
545,132,3753,4,2020-08-18 08:51:00,Pending
546,30,4048,5,2023-11-07 14:53:50,Resolved
547,229,941,2,2024-06-24 03:11:19,Pending
548,185,1242,4,2021-01-16 20:05:51,Resolved
549,253,1242,1,2021-08-01 19:03:36,Pending
550,381,2288,2,2020-02-19 05:29:22,Resolved
551,326,2249,1,2021-04-29 12:21:43,Resolved
552,403,3106,1,2024-12-25 17:43:16,Resolved
553,131,2382,4,2022-05-10 03:17:35,Pending
554,226,1336,5,2021-05-14 01:38:31,Resolved
555,204,298,1,2022-11-30 12:03:35,Pending
556,247,4358,1,2021-03-02 05:41:08,Resolved
557,348,1308,4,2024-03-01 08:33:50,Pending
558,326,3294,4,2024-06-18 20:51:43,Resolved
559,472,2722,4,2020-02-24 03:17:25,Pending
560,136,4949,5,2022-06-19 22:14:09,Resolved
561,195,3560,5,2021-11-07 18:11:19,Pending
562,433,3543,1,2023-11-18 08:33:46,Pending
563,230,1813,5,2024-08-31 09:06:10,Pending
564,413,1668,4,2023-10-21 17:39:18,Resolved
565,232,3983,1,2020-02-14 22:48:57,Pending
566,478,2092,5,2024-06-12 09:42:03,Resolved
567,412,2037,3,2023-07-10 02:08:28,Resolved
568,473,2805,1,2023-09-22 05:24:16,Resolved
569,157,78,3,2020-08-01 19:07:22,Resolved
570,297,195,3,2022-01-15 06:14:01,Resolved
571,307,490,1,2024-12-21 03:52:15,Resolved
572,417,4468,5,2022-08-13 04:56:50,Resolved
573,253,2131,2,2021-06-23 19:05:03,Resolved
574,468,3451,2,2021-05-06 23:46:26,Resolved
575,339,717,3,2023-03-25 22:06:36,Resolved
576,67,1554,5,2021-09-17 14:46:28,Pending
577,362,1188,4,2023-08-22 07:38:56,Pending
578,321,2877,5,2021-04-27 05:14:34,Resolved
579,277,3602,5,2022-08-16 21:46:12,Pending
580,484,4783,3,2022-07-16 20:16:18,Resolved
581,483,3720,4,2020-07-25 07:30:55,Pending
582,176,856,5,2023-07-01 20:53:59,Resolved
583,98,4880,2,2024-02-25 01:40:52,Pending
584,237,200,5,2023-03-16 14:34:04,Pending
585,400,2877,4,2024-01-20 04:49:52,Resolved
586,467,2721,1,2020-09-04 11:09:05,Pending
587,308,2735,2,2021-11-16 10:32:08,Resolved
588,67,4041,1,2023-01-19 16:29:48,Pending
589,184,4546,1,2022-09-27 17:43:35,Resolved
590,156,1935,3,2022-06-11 04:52:43,Pending
591,388,2617,5,2020-03-26 09:04:21,Pending
592,147,1968,4,2022-09-21 15:23:21,Pending
593,66,509,4,2023-10-21 23:41:56,Pending
594,239,4436,5,2023-10-14 23:23:25,Resolved
595,287,1250,3,2020-02-02 13:49:25,Resolved
596,410,1528,5,2021-08-31 17:28:23,Resolved
597,492,4072,4,2021-12-06 03:20:43,Resolved
598,243,2478,3,2020-02-19 16:42:42,Pending
599,381,60,1,2020-11-01 18:43:46,Resolved
600,339,1335,3,2022-03-01 09:11:45,Resolved
601,50,3790,1,2021-08-30 09:57:39,Pending
602,184,4667,4,2022-11-17 17:20:11,Resolved
603,463,3270,5,2021-08-09 04:03:50,Pending
604,92,3414,1,2021-04-04 01:15:55,Pending
605,206,4853,1,2022-11-13 17:46:33,Resolved
606,466,4887,1,2023-07-13 20:36:52,Pending
607,191,4753,5,2021-03-05 15:04:54,Resolved
608,85,202,2,2023-06-13 16:13:08,Pending
609,106,3320,3,2024-05-15 15:15:58,Pending
610,318,1444,1,2023-09-12 00:16:50,Pending
611,316,1705,5,2020-11-07 17:49:16,Pending
612,107,3607,3,2023-05-16 22:09:11,Pending
613,223,3939,5,2020-04-11 08:50:40,Pending
614,495,1569,5,2020-09-30 11:30:50,Resolved
615,74,789,5,2021-01-27 12:06:26,Resolved
616,328,2472,3,2023-08-27 12:09:46,Pending
617,126,3067,2,2021-12-02 03:53:42,Pending
618,305,407,4,2022-02-01 14:08:49,Resolved
619,148,937,4,2024-08-06 06:47:15,Pending
620,242,3552,3,2022-03-06 03:22:45,Pending
621,160,44,4,2020-10-20 22:46:52,Pending
622,245,281,2,2022-11-24 21:45:42,Pending
623,49,4086,5,2023-05-14 05:57:54,Resolved
624,253,4909,1,2022-10-24 20:41:03,Resolved
625,255,178,1,2021-11-04 15:02:36,Pending
626,4,4884,1,2024-11-26 00:59:53,Pending
627,345,4591,3,2024-09-19 18:50:26,Pending
628,47,204,3,2020-01-27 11:03:59,Pending
629,414,4639,5,2021-03-12 11:31:12,Resolved
630,37,4327,2,2023-12-03 16:38:06,Resolved
631,217,2193,1,2020-05-05 15:14:11,Pending
632,56,2176,4,2020-08-25 08:45:38,Resolved
633,454,4202,4,2022-04-29 02:41:02,Resolved
634,353,4808,4,2024-11-04 02:30:29,Pending
635,335,1374,5,2020-08-18 11:59:57,Resolved
636,461,4704,1,2024-10-31 00:27:02,Resolved
637,110,2011,3,2022-10-09 23:22:41,Pending
638,426,3365,2,2024-05-26 03:00:09,Resolved
639,348,1485,2,2024-01-01 02:23:18,Pending
640,453,4736,2,2023-01-03 23:47:51,Resolved
641,403,2434,3,2020-12-16 19:42:07,Pending
642,72,2536,3,2024-05-21 16:36:21,Resolved
643,158,4758,1,2022-10-11 09:58:11,Resolved
644,50,2799,2,2021-05-13 21:26:05,Pending
645,315,1515,4,2022-04-27 14:39:13,Resolved
646,211,2394,3,2023-03-06 15:48:41,Pending
647,384,478,4,2020-09-15 13:45:11,Resolved
648,220,2630,1,2024-04-27 03:20:15,Resolved
649,246,4730,5,2021-10-26 22:07:24,Resolved
650,220,4393,5,2020-05-19 11:42:27,Resolved
651,430,2466,3,2023-03-23 19:27:21,Resolved
652,355,246,3,2024-09-30 00:56:38,Resolved
653,452,2294,4,2021-06-17 12:09:18,Resolved
654,131,4658,2,2022-04-23 08:45:28,Resolved
655,495,3865,5,2022-09-14 23:10:30,Pending
656,322,9,1,2024-01-09 13:07:22,Pending
657,470,851,5,2021-03-28 22:21:54,Pending
658,84,1411,4,2024-05-01 02:17:09,Pending
659,106,2140,5,2023-04-13 22:24:41,Resolved
660,472,890,5,2023-05-16 01:00:36,Resolved
661,286,863,5,2024-07-05 10:48:52,Resolved
662,252,251,1,2021-08-09 21:49:06,Pending
663,191,3796,4,2022-01-20 14:38:25,Pending
664,181,3596,3,2023-01-09 05:10:34,Resolved
665,459,2116,3,2021-09-25 16:48:27,Resolved
666,238,2006,5,2022-05-18 18:12:43,Pending
667,282,1185,3,2020-06-17 11:44:15,Pending
668,160,433,4,2021-12-04 05:32:45,Resolved
669,229,3378,2,2021-08-04 22:25:18,Pending
670,229,3255,2,2023-03-06 21:20:38,Resolved
671,35,2886,2,2023-09-04 12:55:43,Resolved
672,127,3915,3,2021-08-22 15:50:18,Pending
673,189,89,3,2020-01-23 05:00:34,Pending
674,1,3633,3,2021-08-12 01:25:37,Resolved
675,140,2479,2,2020-08-02 22:27:26,Resolved
676,442,4694,5,2023-02-06 21:44:53,Resolved
677,220,806,4,2020-07-11 19:06:27,Pending
678,351,4073,2,2020-05-23 22:16:43,Pending
679,221,2658,5,2023-03-06 13:21:30,Resolved
680,42,303,1,2021-12-17 22:05:53,Resolved
681,207,3486,5,2023-05-27 00:08:14,Pending
682,230,1462,4,2021-12-19 07:07:44,Pending
683,110,3015,5,2023-09-10 22:02:24,Resolved
684,159,664,2,2022-01-31 16:20:49,Pending
685,67,649,5,2023-12-01 19:58:53,Pending
686,380,3648,5,2024-07-15 20:06:46,Pending
687,212,3730,3,2024-04-28 04:12:28,Resolved
688,197,4330,3,2024-10-29 21:41:57,Pending
689,51,4750,4,2023-07-21 11:07:05,Resolved
690,260,109,5,2022-10-11 04:53:31,Pending
691,253,2897,5,2021-05-03 13:42:41,Pending
692,57,2588,4,2022-07-29 19:15:10,Pending
693,233,1979,5,2022-09-17 10:25:57,Resolved
694,135,1330,2,2023-09-14 03:26:12,Pending
695,395,3174,1,2021-12-03 18:47:25,Pending
696,101,2576,5,2021-04-20 18:32:33,Pending
697,443,1560,2,2020-03-29 01:27:33,Resolved
698,472,1303,2,2021-04-01 08:45:23,Resolved
699,431,2684,4,2022-08-04 17:35:15,Pending
700,467,3442,3,2020-09-04 06:30:08,Resolved
701,455,3705,5,2020-12-09 11:43:47,Pending
702,178,4719,5,2022-12-07 14:47:08,Resolved
703,353,2186,3,2022-10-06 04:40:19,Resolved
704,459,1330,4,2022-12-19 04:40:35,Pending
705,208,3254,3,2024-02-16 20:25:31,Pending
706,306,4724,2,2021-06-01 15:51:21,Pending
707,259,1384,1,2023-05-20 17:31:38,Pending
708,225,4746,5,2020-05-15 04:48:25,Resolved
709,383,1794,4,2022-05-02 18:36:58,Resolved
710,167,262,4,2023-03-19 23:13:38,Resolved
711,314,1144,3,2024-10-24 21:00:23,Pending
712,457,749,4,2022-03-15 20:42:58,Pending
713,210,4512,1,2024-03-23 07:15:26,Resolved
714,335,4414,1,2024-01-16 11:39:56,Resolved
715,305,4586,5,2023-11-13 21:29:11,Resolved
716,349,1036,1,2024-01-08 09:32:30,Pending
717,436,3623,1,2024-12-30 04:41:41,Resolved
718,71,4030,1,2024-03-24 02:08:56,Pending
719,433,4594,5,2023-11-19 07:55:32,Pending
720,317,952,1,2020-03-04 15:58:51,Pending
721,376,3748,1,2022-07-26 10:12:37,Pending
722,320,3725,1,2024-02-16 05:19:28,Pending
723,219,2382,4,2021-12-02 15:40:44,Pending
724,26,433,2,2020-04-21 20:09:57,Resolved
725,60,3733,5,2021-06-24 16:58:41,Pending
726,230,4432,5,2021-07-19 05:17:13,Pending
727,463,4614,4,2022-02-15 02:27:40,Resolved
728,341,3999,2,2020-09-13 21:02:55,Resolved
729,17,1122,3,2024-06-09 18:55:21,Pending
730,316,1302,3,2024-01-31 20:19:22,Pending
731,248,4519,1,2024-02-21 04:13:14,Resolved
732,77,389,4,2024-10-09 15:24:19,Pending
733,6,1821,1,2021-08-14 03:50:36,Resolved
734,228,1726,1,2020-06-24 13:39:34,Resolved
735,314,1505,4,2020-02-06 16:46:18,Pending
736,307,252,4,2020-02-22 11:06:21,Resolved
737,385,1056,2,2022-04-09 02:41:46,Pending
738,24,3721,5,2020-03-26 16:48:16,Pending
739,349,1052,1,2020-05-13 15:11:16,Pending
740,172,955,1,2022-08-03 08:32:14,Pending
741,205,3417,1,2021-01-04 02:24:01,Pending
742,95,3410,4,2023-03-11 13:59:38,Resolved
743,111,4140,5,2024-09-25 18:58:56,Resolved
744,291,325,1,2021-11-25 04:50:05,Pending
745,365,3070,4,2022-03-07 03:38:09,Pending
746,266,2195,4,2024-04-21 03:06:54,Pending
747,77,4577,4,2022-07-20 11:57:23,Pending
748,262,2297,4,2023-06-01 02:34:58,Resolved
749,157,1838,4,2024-03-25 22:09:05,Pending
750,242,1404,4,2022-05-07 14:20:46,Resolved
751,108,2377,4,2022-03-19 22:46:05,Pending
752,334,1178,2,2020-09-14 08:49:50,Resolved
753,117,3059,4,2021-07-25 17:06:34,Pending
754,106,867,2,2022-01-31 00:12:54,Resolved
755,324,284,2,2022-07-11 14:48:07,Resolved
756,281,2860,2,2023-11-22 10:43:31,Resolved
757,250,3879,2,2022-12-22 04:45:36,Pending
758,98,3731,2,2023-11-04 23:39:55,Pending
759,69,3002,3,2024-03-01 23:55:55,Pending
760,498,602,4,2023-08-29 04:10:13,Pending
761,181,2898,3,2023-03-13 09:20:45,Resolved
762,11,102,4,2023-06-13 15:52:44,Resolved
763,413,3401,1,2021-04-07 20:24:35,Pending
764,435,4696,1,2022-10-14 22:00:04,Resolved
765,234,989,5,2021-06-04 17:00:42,Pending
766,452,3639,4,2020-08-06 14:01:12,Resolved
767,182,3932,2,2023-10-25 06:39:47,Pending
768,401,1196,1,2024-07-12 09:18:46,Pending
769,455,444,5,2020-01-02 10:30:56,Resolved
770,176,4750,4,2022-09-22 19:02:33,Pending
771,443,972,1,2023-04-23 02:17:12,Resolved
772,240,4162,4,2020-12-31 06:22:59,Pending
773,86,1491,3,2021-02-02 15:58:22,Pending
774,314,4600,2,2022-12-23 11:45:13,Pending
775,291,1427,1,2021-06-29 05:44:03,Resolved
776,471,2312,5,2022-04-07 11:33:29,Resolved
777,376,1582,2,2024-10-31 14:50:19,Resolved
778,110,1396,3,2024-06-16 07:03:40,Resolved
779,120,644,3,2024-12-27 19:16:44,Pending
780,59,2447,5,2023-03-20 05:22:13,Resolved
781,4,595,1,2020-12-15 04:52:51,Resolved
782,262,4940,4,2021-05-31 02:58:45,Pending
783,468,4685,5,2024-10-20 01:39:18,Resolved
784,490,3408,1,2024-04-26 10:50:27,Pending
785,20,3081,2,2022-04-19 22:15:07,Resolved
786,267,2404,4,2022-03-21 16:52:16,Pending
787,45,1295,3,2024-09-25 21:13:48,Pending
788,488,1990,5,2024-02-20 02:20:23,Resolved
789,58,3021,3,2021-07-17 12:33:42,Resolved
790,153,682,5,2021-01-22 01:23:33,Pending
791,52,1993,1,2023-11-01 13:47:13,Resolved
792,152,4013,4,2024-06-17 18:37:11,Resolved
793,368,483,2,2021-07-09 10:13:54,Resolved
794,148,4325,3,2021-02-03 12:15:25,Resolved
795,299,1921,4,2024-07-14 13:56:30,Resolved
796,284,4373,1,2021-12-03 12:00:20,Pending
797,49,2181,2,2022-05-30 05:22:23,Resolved
798,50,3385,2,2022-04-03 09:13:13,Pending
799,65,4744,2,2024-10-21 08:13:03,Pending
800,328,4193,5,2021-10-09 06:32:24,Pending
801,417,3506,1,2023-07-02 04:54:50,Resolved
802,298,1729,5,2020-08-13 03:38:02,Resolved
803,62,4313,4,2021-09-29 01:18:44,Resolved
804,305,4068,5,2023-02-27 07:52:33,Resolved
805,444,80,5,2024-04-12 14:48:21,Resolved
806,122,2506,5,2021-01-16 03:56:26,Resolved
807,253,286,4,2023-01-24 20:18:51,Resolved
808,176,2009,1,2022-04-25 20:16:26,Resolved
809,297,2500,5,2024-05-25 03:52:44,Pending
810,85,2011,2,2024-03-15 19:56:30,Pending
811,15,2673,5,2023-03-01 19:54:31,Pending
812,259,2206,4,2020-07-12 01:45:28,Resolved
813,413,4214,2,2024-11-21 04:07:14,Pending
814,350,3995,4,2020-07-07 01:48:47,Pending
815,449,2295,5,2024-06-21 19:31:08,Pending
816,195,599,2,2024-06-13 11:02:26,Resolved
817,130,593,5,2024-12-02 09:23:56,Pending
818,428,1761,1,2020-05-27 04:40:45,Pending
819,248,3941,4,2021-06-03 12:07:50,Resolved
820,182,2181,2,2022-07-08 19:11:35,Resolved
821,154,4390,2,2020-06-14 08:06:05,Pending
822,69,2374,5,2022-07-12 14:22:03,Pending
823,418,3912,2,2022-03-29 02:43:33,Pending
824,193,384,5,2023-12-26 18:57:13,Pending
825,246,1029,5,2024-07-26 07:11:11,Pending
826,97,2694,1,2024-08-27 08:22:50,Pending
827,50,2129,2,2022-10-17 20:47:04,Pending
828,4,1599,1,2023-10-29 11:49:56,Pending
829,95,1195,5,2020-09-26 19:42:54,Pending
830,436,4977,3,2024-02-21 03:20:08,Resolved
831,325,3721,2,2021-01-11 14:06:53,Pending
832,56,3863,4,2023-01-18 15:24:44,Resolved
833,286,106,1,2022-01-03 05:17:08,Resolved
834,204,2213,4,2024-12-19 23:19:29,Resolved
835,474,2295,2,2023-11-11 06:21:45,Pending
836,356,2947,3,2020-09-28 05:23:35,Pending
837,499,149,1,2022-10-04 15:34:46,Resolved
838,317,894,5,2024-10-20 10:09:13,Resolved
839,46,701,1,2021-07-15 12:23:55,Pending
840,22,3225,1,2024-12-12 09:54:38,Pending
841,239,4643,3,2022-07-28 02:37:36,Pending
842,400,4384,5,2023-12-06 16:22:49,Pending
843,206,4993,2,2023-03-19 16:23:30,Pending
844,400,783,4,2023-05-01 02:38:58,Resolved
845,75,1469,4,2023-05-06 03:43:09,Resolved
846,232,4144,5,2024-12-12 08:08:27,Pending
847,139,1246,3,2024-10-06 02:57:21,Resolved
848,487,1176,5,2021-03-24 19:40:17,Pending
849,412,1840,1,2021-06-21 09:19:43,Resolved
850,310,2223,2,2022-02-06 04:50:36,Resolved
851,201,199,3,2022-07-17 07:19:17,Resolved
852,267,4580,1,2020-01-19 13:21:35,Resolved
853,186,3429,4,2022-09-27 00:41:44,Pending
854,463,1946,2,2020-03-03 21:21:34,Pending
855,243,3993,5,2020-08-26 11:30:53,Resolved
856,226,407,4,2024-01-28 23:46:55,Pending
857,96,4994,2,2024-04-08 12:57:50,Resolved
858,403,4834,3,2021-08-11 23:01:49,Resolved
859,398,1701,2,2022-11-16 12:49:59,Resolved
860,328,3435,3,2021-09-13 06:12:48,Resolved
861,375,596,4,2020-01-01 13:56:55,Resolved
862,180,2114,2,2024-08-29 02:11:38,Resolved
863,127,2623,5,2021-04-30 19:27:55,Pending
864,297,4991,4,2021-01-26 11:19:36,Resolved
865,487,3216,5,2023-09-29 11:51:30,Resolved
866,153,2510,2,2020-05-21 01:34:02,Pending
867,450,4418,2,2024-09-24 07:33:18,Resolved
868,103,4275,3,2021-06-11 00:22:00,Pending
869,339,116,4,2021-11-21 13:59:47,Pending
870,291,3650,3,2021-12-19 16:32:31,Pending
871,167,3880,3,2021-08-01 05:47:05,Resolved
872,87,4734,4,2022-02-05 11:22:29,Pending
873,326,2662,1,2021-10-26 10:08:27,Pending
874,310,2313,3,2022-09-02 08:36:02,Resolved
875,181,2431,2,2021-01-27 23:33:26,Pending
876,226,1807,2,2020-07-17 21:03:26,Pending
877,19,2882,2,2021-07-27 00:42:05,Pending
878,115,231,4,2020-07-23 00:03:28,Resolved
879,389,1187,3,2023-10-19 00:48:10,Resolved
880,302,2049,1,2021-07-07 16:47:56,Pending
881,189,2574,1,2023-10-20 06:57:05,Resolved
882,252,1763,4,2020-09-26 00:34:15,Pending
883,191,1301,4,2022-05-17 17:24:44,Resolved
884,455,1994,2,2021-09-23 13:54:17,Pending
885,12,3100,1,2022-04-28 14:46:34,Resolved
886,56,926,2,2022-11-10 15:16:12,Resolved
887,222,1018,4,2021-10-04 17:41:10,Pending
888,240,181,1,2024-02-12 19:35:29,Resolved
889,323,2807,5,2021-02-20 23:21:31,Resolved
890,240,2013,2,2020-04-27 12:49:23,Pending
891,389,4543,1,2021-05-26 07:34:38,Resolved
892,198,3222,2,2023-08-30 21:07:50,Resolved
893,246,4223,3,2021-10-06 14:49:23,Pending
894,305,511,1,2024-03-03 03:39:56,Resolved
895,232,4299,4,2023-10-29 08:27:20,Resolved
896,199,713,3,2021-04-22 23:35:29,Pending
897,444,2653,2,2021-01-31 21:35:57,Resolved
898,415,601,4,2020-10-11 21:01:09,Pending
899,15,2945,2,2021-11-11 05:15:04,Resolved
900,386,3714,2,2020-05-23 21:23:04,Resolved
901,169,4654,1,2020-12-26 02:03:07,Pending
902,142,1576,2,2020-10-30 09:37:30,Resolved
903,485,2275,2,2020-09-24 23:56:03,Pending
904,313,2371,2,2021-02-07 02:48:27,Resolved
905,43,1399,1,2022-02-17 09:51:20,Pending
906,143,2691,1,2024-06-25 03:43:44,Resolved
907,426,3841,5,2024-08-22 09:52:54,Pending
908,216,1614,3,2024-02-23 04:50:16,Pending
909,452,2984,4,2020-12-26 21:41:29,Resolved
910,294,2864,1,2021-10-22 09:07:45,Pending
911,183,242,2,2024-11-14 04:39:57,Resolved
912,309,1819,2,2024-10-31 14:32:23,Resolved
913,42,2156,3,2023-09-18 18:45:20,Pending
914,440,3199,2,2022-12-31 06:35:45,Resolved
915,286,2034,1,2024-10-26 12:30:22,Pending
916,325,2605,2,2022-05-21 11:08:02,Resolved
917,134,230,4,2022-02-01 03:49:26,Resolved
918,303,216,4,2022-05-20 13:15:24,Pending
919,269,3354,4,2020-09-22 02:59:47,Resolved
920,207,406,4,2020-05-19 10:25:19,Resolved
921,9,1027,5,2023-06-26 23:59:56,Resolved
922,210,2856,5,2021-04-07 11:32:08,Pending
923,317,1684,3,2020-11-10 11:58:40,Resolved
924,471,2381,2,2023-05-11 06:35:11,Resolved
925,55,4973,2,2024-06-26 06:28:32,Pending
926,61,1339,3,2020-03-12 23:50:46,Resolved
927,43,4733,1,2023-07-24 17:34:10,Pending
928,335,3046,5,2024-04-03 23:04:12,Pending
929,226,1596,4,2020-03-29 23:16:04,Resolved
930,362,3308,4,2023-01-27 12:52:33,Resolved
931,15,2802,4,2023-07-18 12:35:18,Resolved
932,414,4013,4,2021-11-21 00:25:46,Resolved
933,461,2009,3,2024-09-11 12:24:14,Resolved
934,61,109,1,2022-07-15 20:21:55,Pending
935,172,684,3,2021-08-07 19:38:38,Pending
936,143,1153,1,2024-05-13 09:36:59,Pending
937,409,486,2,2023-12-20 16:19:28,Resolved
938,235,4976,5,2020-12-04 09:57:53,Resolved
939,403,1449,4,2020-09-09 19:37:26,Pending
940,177,2147,2,2021-11-25 20:33:23,Resolved
941,360,420,2,2024-09-08 11:52:47,Resolved
942,26,2035,1,2021-09-19 09:09:41,Pending
943,252,609,3,2023-06-11 00:25:26,Pending
944,363,4239,5,2021-09-30 23:51:45,Resolved
945,220,1446,2,2022-11-01 15:05:01,Pending
946,35,4784,1,2021-08-17 01:13:03,Pending
947,491,3309,2,2023-10-06 07:08:36,Pending
948,378,1398,4,2020-03-15 06:05:04,Pending
949,355,547,4,2022-06-28 20:56:13,Pending
950,335,2312,5,2021-10-17 12:48:23,Resolved
951,84,3063,4,2020-03-15 07:36:41,Pending
952,183,2813,1,2024-07-08 21:37:15,Pending
953,479,2118,1,2020-06-18 12:57:58,Resolved
954,90,4958,4,2024-06-02 07:26:00,Resolved
955,12,2635,2,2023-12-10 00:30:31,Pending
956,70,2262,2,2024-10-06 10:47:18,Resolved
957,9,3637,3,2020-07-02 22:14:11,Pending
958,457,3151,1,2023-12-01 17:56:08,Pending
959,244,4581,1,2022-10-23 16:53:43,Pending
960,92,288,4,2021-09-19 13:34:25,Pending
961,44,227,1,2023-07-24 00:56:11,Resolved
962,169,4141,1,2020-10-29 21:03:21,Resolved
963,367,1862,1,2023-12-10 08:55:58,Pending
964,135,1915,2,2020-03-03 05:33:14,Pending
965,65,229,5,2023-02-25 09:27:32,Pending
966,466,538,2,2021-05-24 10:20:33,Pending
967,398,2979,4,2023-04-08 16:03:56,Pending
968,479,2237,2,2022-05-17 11:01:22,Pending
969,26,2777,5,2023-10-25 00:08:13,Pending
970,320,2049,4,2021-07-04 01:37:08,Pending
971,340,383,5,2024-08-30 00:16:26,Pending
972,274,3759,4,2023-07-28 16:28:07,Resolved
973,217,4485,3,2020-03-18 19:40:48,Pending
974,424,3813,3,2022-12-05 07:39:47,Pending
975,446,4304,2,2023-04-07 07:08:56,Resolved
976,393,3681,1,2023-09-03 15:48:15,Resolved
977,18,2811,5,2022-03-27 05:23:44,Resolved
978,18,2079,5,2022-06-05 12:39:01,Resolved
979,135,3826,2,2023-06-23 05:09:50,Resolved
980,298,3406,4,2022-02-16 22:35:30,Pending
981,18,2687,2,2020-09-25 09:32:09,Resolved
982,259,3324,1,2024-10-17 14:34:57,Pending
983,426,587,4,2024-08-24 14:34:16,Pending
984,79,1564,1,2020-09-27 11:30:55,Pending
985,227,3981,2,2021-07-23 18:20:49,Resolved
986,101,1710,1,2023-11-09 09:10:42,Resolved
987,194,2438,5,2023-03-20 05:29:33,Resolved
988,404,4547,1,2024-09-09 10:10:37,Pending
989,472,4530,4,2021-11-18 06:10:31,Pending
990,152,2460,4,2024-03-20 00:45:31,Pending
991,383,476,1,2024-07-03 11:34:42,Resolved
992,495,707,3,2024-05-17 11:19:17,Resolved
993,419,1117,2,2022-02-10 21:40:07,Pending
994,425,3087,1,2022-08-06 01:30:59,Pending
995,34,4932,5,2020-08-04 15:05:54,Pending
996,315,4344,2,2021-11-30 16:38:37,Resolved
997,294,4325,5,2024-06-21 17:09:56,Resolved
998,123,3355,3,2024-08-02 13:24:46,Resolved
999,461,1976,2,2024-02-05 05:32:27,Pending
1000,465,1611,3,2024-02-05 11:07:15,Pending
