id,user_id,username,password_hash,created_at,last_updated_at
1,299,bakerdaniel,a3f48473a556442f8fc05c169fc5dc8985027ff6276518305c84772ba4c566e4,2024-08-17 07:11:18,2022-04-27 11:23:29
2,262,odennis,ec93801332e35e7c3311f5987a317a6ae4b425962c2a416da5bd35787a5eee31,2024-01-05 07:11:18,2022-08-06 08:29:35
3,458,ricardo70,e42bc05aeac886ef5752a9f753b00bae7ef56d6b0399aee2c8bae10640056cf2,2022-07-06 17:06:56,2024-04-03 07:09:07
4,296,brooke15,8ba84e99f03a275c3cbd23fe5a710d4e515c6e75dfe9729afdcb9651bfae43b4,2024-02-14 19:09:40,2021-10-18 10:55:44
5,396,ibrady,34a1585abcec845ffe7333d0931d507c33f62a71514bb556dc4bd4b5e2fa29f6,2022-11-05 06:19:35,2024-12-05 10:13:04
6,10,melaniejones,b26f9c42bfd54e190993ae92dd9e52eefa557153ad8019e46d394810b41fbd84,2021-11-03 01:07:12,2024-01-21 22:42:28
7,235,hernandezjordan,2f5e09fe2c1ac69f259f8ca289c1f8937ac00c6d5c40f4bed89e444b3b1517a9,2022-07-11 13:55:55,2024-02-09 07:30:36
8,56,steven94,2f212f4c5b489d541c92c8936db58cc7b435c668610f17b2af5db8585dd46eb3,2023-04-09 13:18:41,2023-07-17 10:55:16
9,293,sarah41,2ca1097e9b4dffd0daca00ba72d3e04b71b28dd02202063a840b647627b042c9,2020-09-18 14:53:08,2023-06-16 11:15:20
10,98,hestergary,d5caa534f4b21f296464227cdc18637ce04f75731a823d2649c7989fd24697ee,2022-01-25 22:16:43,2021-10-08 19:11:52
11,160,diamond12,0bbe041ba027197ceb0bc183d0d501eae3331ca8b0787275b80453dba9985ee7,2021-03-24 02:45:08,2022-01-11 01:39:58
12,282,pearsonsean,af42b093600d3222dd7f45acd7c70fdd2852775cdb3ad89da04af52d8c675287,2021-09-10 10:23:38,2021-04-29 22:22:17
13,193,rileyandrew,86c3208b9b10fb4a0f5359a6dc7163f5b21f7857ff188840a263622dcc803fd6,2023-10-15 23:16:12,2020-02-27 14:00:08
14,339,klinedavid,8f93ee1c4566b6c54f3c18ad92e5beb7978bde27fcf2c24c75329b4174228609,2023-08-29 08:23:07,2023-07-13 02:31:40
15,257,edwincharles,937def4810fdfb55f3998802f4464230d406e45a5ab65cd828e89b64e4e54d7f,2024-04-05 20:00:41,2020-02-29 02:55:31
16,403,susan62,6476c45582276b7001abeb36e659ba62551a8f6fbba222560b9a9d08515cc69e,2020-10-08 22:37:25,2020-01-14 15:46:40
17,208,david26,3db44c889f950b4985ab708d925e0566978e55a6b4d1f1ec5d3a950beebcc56e,2021-08-08 16:20:57,2024-10-02 15:46:48
18,309,debra89,47f08b3a2d6a08d16798c18e37ed01b6a5d319e5f6a86aa4f2d819e977389c4c,2024-12-26 16:11:44,2020-05-03 06:43:04
19,168,qsmith,0aecb926edbc39bdabeededa737a5a72a1453ebd64c56ffef7bc3ea7891d6a32,2023-09-20 12:35:54,2020-11-14 08:55:43
20,431,padillapamela,fb46a94b571f047052394a96efdae96b41d481f7765555a80ef231869ac07e16,2022-10-19 04:28:18,2023-04-08 14:50:39
21,220,geraldmartinez,867dbf396e0e11195a48530585401aa5f166992330c3a05e3241fed40f62c912,2023-09-10 01:02:24,2023-12-05 12:40:34
22,354,angelawalls,f5fb89a7c7080c7ce0ccde6501368dd8ccdfe858c97d46233b0c72152f6e522e,2021-04-08 13:40:39,2024-07-04 13:12:41
23,158,englishtravis,a6fb23a70eebc56463bcc0c15f9673c301cef8be5f215abe7f584fbc2f701cb0,2024-08-12 18:10:38,2024-08-09 19:44:12
24,96,nicholeroberts,d84f412590cc8e10c7c6ece360459bdf72da767de879e0dfa3ed37362c1175cc,2021-12-23 07:20:35,2022-10-19 04:47:25
25,300,steven22,96764355d1db449508548252b1c5223b44b2a45f3736b0af9f5da07e453f0baa,2021-07-08 20:45:04,2021-05-18 20:26:11
26,393,hartvictoria,6541935aa338af87fccab1a5d17350c8b959534e12b63bdb2884f05512554353,2021-05-28 11:39:55,2022-07-05 14:56:28
27,464,johnsonsandra,cc7ddb7538641c2581f9c1623480279d18c27c4f0b80d6386550b4eb8cd0857b,2020-04-10 18:13:46,2020-11-21 21:50:44
28,171,mindy43,97440e648c947a5abfae1bdbbf453e5f14d0361b4efa86500a8e7521a979c533,2022-08-02 18:49:14,2024-10-02 04:17:16
29,464,fmelendez,e26d27352c02266343ec1b675b585a7e95db0bbc33102a78c9712617ed8c7701,2022-01-21 10:23:38,2024-02-20 00:37:32
30,4,ryan59,16076a261e24857e6c6c0cc7577d33bb65915d5b383f460f5c2ad038d1f9bd5c,2024-01-17 19:24:07,2020-02-17 21:16:54
31,350,mharris,1f2e7b338241ec9ab68d18e722ea60a0e526bf15cacf63922fe44db9887529e8,2022-08-26 21:24:41,2022-04-22 14:54:45
32,15,wilkersonivan,b16f041a0893433d9a991a36c54f70f0a646727d2919718f8dd9911594438646,2023-03-11 17:06:40,2023-08-12 18:01:47
33,162,daniel94,551ab119d94e4bc5043a28654099f9a6d88b9d01bb543169ad6b1736654371ae,2023-12-01 17:58:53,2021-03-14 11:02:08
34,353,armstronglisa,e67904bd28c799005f8bbcecc157cccf0343ad04263245751c4b11455598a01d,2020-09-07 09:52:32,2022-11-15 18:17:07
35,127,stephen43,b44a133603eb8f17f3b63f1e98d7afbd8b9da6cb42e0962fc7fd33286717eb51,2023-08-14 02:22:38,2020-02-08 03:20:54
36,58,dustinmills,d0d9a605b405635abfe05a5fea1e9be60de60a827196afe3bd60774022f6ac69,2021-05-08 14:58:48,2022-05-20 08:06:25
37,402,xcopeland,f1273ee179afbecb451b9980e94de1d6f69f08c92337fa6ee447eacdfd4e1a05,2021-10-17 17:32:27,2024-07-11 09:49:33
38,56,john25,61483436a77868e20663477498e4d05decb434fa33f2c308b5acce99720d38ca,2021-07-08 11:35:18,2022-04-07 12:55:26
39,26,steven41,dacbeaf911e931337d58149f27a365c74f66a6bd9aa2867cfc4dcf43bb502af7,2022-05-19 21:00:23,2022-03-12 16:05:56
40,216,clee,21192f417f84be3b89ce5b771bb6ee9d3898761d840938dddf9be56fc81d8786,2023-09-15 21:43:27,2022-04-09 13:12:46
41,75,erodriguez,08ff25439db433485b831b17522fe659f3830c3bc83f23321ae85a3cad259ebb,2024-04-09 18:54:13,2024-07-11 22:14:18
42,15,georgeramos,6af1e1309c0809ccd0521158bad69c592de25c6cc339c659810f6e2c07f0ad00,2021-03-30 05:01:48,2023-01-08 22:03:24
43,203,reyesjoshua,d144cb9d82919b4860b500c87a7d8447e8add94235d6b5b2386837b857feee82,2022-02-01 21:56:32,2024-07-28 14:05:18
44,51,barbarareynolds,a64de8b2c1a56ef4eb23cebffbccfb3ee7937e60df8ec37cf1279bcd519421ab,2022-10-13 18:18:29,2023-02-23 11:01:54
45,78,ojuarez,8a176d33f4da3f59fa6d26c5b922aa150670aa2ccd21ae8f417d25d70870af06,2021-12-02 14:14:12,2024-05-15 03:49:05
46,296,yangvictoria,55e62ebd7411a15faa674bd0301acd65618f0fe8cef65caa4cf5c2f1138f32a9,2024-11-14 01:08:04,2023-04-25 03:25:32
47,85,wandagibbs,c54ff6df7a91fbf928780ab20665073bef59d51a09a9c22941be72e8d54fb371,2020-11-08 04:37:04,2024-05-09 15:28:34
48,367,kellirobinson,c53831e43b84e52479241bc3f5b973d1101032a8347a1d7985a887a40cd5db32,2021-02-27 16:49:57,2020-09-15 22:13:07
49,454,fhoward,fe97ba3372c16c81325d0c91a39bd2083cae76d6391d6957b67bdc6a0213b6b1,2020-12-15 11:41:07,2022-07-03 11:12:06
50,351,jamesmorales,b5424bfb26b1f769c5986083a643fa6a20aa5d517419118e732429d8a0f73771,2022-08-11 18:53:42,2020-09-21 11:08:45
51,214,estradasamuel,d2dcec3cf56880ab901a58807b17c558971292b258c5df1bbb7c91656685a909,2024-10-21 15:26:42,2020-10-03 08:02:15
52,37,jacksonwendy,f239f055abad7012d6a1afbb47ddf08df6b97f635ae8a7591481697dac44841b,2020-05-10 05:39:39,2024-01-13 09:07:29
53,440,jonesphyllis,9625f576beb62168b2ac4c4d05e575776d15ca284f8e5776cba39a10cbb2dfb1,2024-06-03 03:23:34,2021-10-26 04:46:02
54,456,tgould,03371d778045777d79e7b0c97cadbd5b638aff35e71fb5baceaeff6dabb9dc79,2020-11-08 06:11:44,2024-06-01 20:36:04
55,336,stephenbryant,350ce9f632f10e5fc68aca8c48a1c9062ff5d3e8acd4248ba43bceb841859974,2021-07-01 15:29:47,2020-08-20 00:00:49
56,217,cmartinez,69468f18d83100123c242da5ec57491789f2dd5464a23b2ae2a7444b9c9a1390,2024-04-01 22:14:27,2024-08-09 13:29:59
57,173,andrew02,e2955b886e98b09266913775a6d4f5cbf2d72fc25b4d41ca1b04a3dec003ca29,2023-02-08 18:34:09,2020-12-09 09:36:52
58,105,jessicarogers,ea6da2226781ac893da5b2a7e2f60a3c7093ee6fe62e7a1b875e22bb73309c17,2021-04-03 14:54:54,2021-10-05 06:41:37
59,54,rjackson,d4ab25c6db9c2a8920b9c2b1de1ff4572363d5f2b2a740c22014f6cbc3192b94,2024-01-02 15:19:51,2022-08-22 15:18:20
60,55,debra04,9e17f3d67d326fe73255b90d0a122e9499b57b06a403f477334159332cb35dba,2024-09-20 20:02:33,2024-12-23 11:48:33
61,489,candicepatterson,8a9f74db754a5e3c567e765e4660ebf7898e28cfa98e995a2ad8d9e8db3a19c7,2020-12-21 05:01:49,2024-08-06 06:26:13
62,33,michellehouse,1611b113b86c2eff7275847a94b2c7dfc52f44b9f11947ebb9c9f1afdbe49f15,2024-11-06 06:24:25,2020-05-11 16:41:07
63,94,stacy55,e85149f75afc83f13a6a4dad6c526a29d5474bccc0fdd0e2046b30bdfc793a90,2021-11-29 17:49:49,2024-05-20 05:58:17
64,368,huntermelissa,aa03647aa9aebd8985081803c2c77a170a88702ffb277a437321218e62363cd2,2022-06-20 00:35:43,2023-01-13 05:54:30
65,246,mcclureanne,36a829192031ceb969ed8c6c208e349d41d1b9881c2f71f4228737875f6d74c7,2023-12-05 07:29:30,2021-06-20 21:17:11
66,170,stephaniegarrett,43ba90169fa0533030c92399b284483f81ba8100e44b7576a843ffbe225860bb,2022-11-18 10:48:57,2021-04-04 14:02:32
67,284,kelseyrichmond,35a421d7c4ff80dc0a84cf62c835855aa906154c536127d2bb8ca16919911f6b,2022-07-04 18:29:48,2020-10-07 14:58:27
68,359,eaguirre,3b55f7560ce50e3f5014f757a3ef75619d1938ef217c17bb29ddf5e23733912d,2022-11-01 03:31:29,2021-12-17 17:27:29
69,85,robertramirez,fc4164775997ecdcc2e7085871f44ba53cf9504305a7ffada0bc3b6d99b527da,2020-01-12 22:59:22,2022-02-06 00:36:03
70,424,lmolina,6cc88f8803821dbca2435aece590d0fba11c19f274f33bef7836df2546a0dbe5,2023-12-18 22:06:42,2024-01-21 13:02:41
71,481,skeller,52ab3e50f44a89944fe60d4b8585a94a839375720b6674e6f95a2753ec0c7654,2020-10-07 02:10:22,2020-10-13 18:40:37
72,295,leenicole,08211e716e9fc19986b5e838c0627990dc874355876f5db5b2a8d3a9f3c0984d,2024-06-30 12:03:21,2021-04-20 09:55:17
73,224,kelly88,b7ab10147e746396aa34f44c13b8ce68f369346aea00171a413b1e555ce8d0e0,2020-05-28 01:55:53,2022-02-07 21:29:04
74,263,markhill,813bec64482b93d542e0a7d522b26db0057a0d87ef06714fae02b26180fb0ece,2020-11-17 09:54:08,2023-02-23 23:36:27
75,213,zshepard,776e93cb3ea092d79cf777d6281b8bfd9dc453b4c8b491632097c4801ebfbc4c,2020-05-22 13:53:31,2021-04-08 03:05:26
76,439,mark73,5f375db4da49ec07c1cf6908243d3c5451eec121d7a35998fddb30fa5935aef5,2021-05-02 18:05:08,2020-10-09 03:56:48
77,271,stacycoleman,924463fbc780f5e2a5d67fed5ff3fe91ef1466c13e8126b0d41a981c2ab0a34c,2023-10-04 20:32:28,2023-10-21 10:03:03
78,334,ryanchristina,8042abc1f8c55ea788089dd45c9a46847401ea34b167fac7d695abb0bd12e6a3,2020-05-08 22:07:46,2021-09-28 10:43:59
79,240,rolsen,45af2f4aee9b2ff596e61f1756b12fd712e7644be27834b5ac43b62e3f5673b2,2020-11-30 15:02:40,2024-02-08 15:43:08
80,239,ygregory,e13311eb907fbadb4d098e5f48a34b59679133c533336491ec81f603ad32bca1,2020-06-24 07:20:53,2021-07-14 15:10:30
81,427,michael95,23f5a59d2e13f2281d1ef1a4e2ed1b31e7b4433e5502758c36f88eeeb118a696,2023-02-12 10:22:17,2023-01-30 17:08:38
82,123,ambervasquez,1e23e3ab95875eebf5aa3d1832b1dce276f287637fddd2fbeb8284a3810b6876,2023-08-18 11:55:15,2022-05-02 07:22:31
83,478,amanda25,bee03106a92b042abd0174accc74cf384cb3fd8f34969b49b75d97706a051264,2022-02-14 09:19:18,2023-12-26 04:47:33
84,93,russelljason,999c01e0e7cd1dc0b76193330547faea28243b8d1acbb6a6d0f5cfd07331e58e,2024-05-31 21:27:20,2022-07-26 20:25:22
85,454,katherine14,4dd632dece77f66f8a21ba888fdf09118499cb42ddf08cdba32876508e2bb4d7,2024-09-27 21:18:39,2020-01-21 02:27:30
86,288,michaelpacheco,7f452a89f4cf73ceacba15b72d5a8102ba438b0c91d03f2f2db41f02bbf26efe,2024-11-28 20:31:11,2022-04-12 06:40:43
87,265,lbeck,69b9d947f3661b79cbf018555e5a197763dc9de9822dc82c99f73ed1b78e0e75,2021-09-18 03:14:22,2024-03-30 23:33:30
88,283,curtismorrison,2c140a2ff38883aeed19494fdae13a948c3331630bc139e4de0cb097f99ee08b,2023-06-15 08:16:47,2023-09-20 21:28:30
89,256,jason90,96418199d3d582f29c688f4039bfe3266cd440946ab345668ff4b4bafee14e43,2021-10-27 19:22:01,2021-10-10 09:35:21
90,144,lfowler,1cb5088a3684f8a1f3b18bbc4f19642da5308d0a7aa6d9791e6e34c432cd5f5c,2020-04-23 00:41:43,2022-09-19 14:09:44
91,363,mleonard,118aa0b483471e2d2dfc6f0d42e781680a57705edc1e7e52e332d128edbc8392,2024-01-06 09:07:05,2023-05-20 02:59:17
92,360,amymccall,98179d369da0c2f7adb0f640d36a230955af3efbd0efd6221e8ee7b2ffaf03c1,2023-11-26 07:17:45,2020-06-28 01:08:23
93,10,klyons,ac1f641296cde194f20387ae0bfe1467ab40fcca02cf1a94f332319a7666485c,2024-02-24 04:47:00,2021-08-22 16:56:23
94,149,iholt,c414f32944ddd204c13cc4d94319d52dad470b75dc175ae0c86667ad6217fab1,2021-07-11 13:59:13,2024-10-09 03:39:06
95,219,sullivanrachael,ce3f403179832863f9bb0676bddbde0e39e6419f44a59ee200ebf8f7c41cfb93,2023-07-22 07:06:43,2021-11-18 20:42:26
96,89,jacob18,79d60b46ae3886ff442503a49ae9ba5c7aa24364c48cba67454c2fd71b4a1e76,2023-09-16 16:23:36,2021-03-25 15:00:04
97,473,bmccoy,fab9bf2bfd5579d2bc8c182877edf4dfa2b76ab99e4ede859f90c94c7cb213b8,2023-07-13 17:51:20,2021-07-12 05:57:56
98,261,gdodson,4249a4352ad531ccc944e218d192055a2191f49ea75604bb6356cc138802801d,2023-04-07 14:29:51,2022-04-20 21:05:07
99,1,jasonpeterson,15b9293ccbd5455d92c60827aa60ed0cbfd3a8b9362c4f1ccbe49ccd593bbae7,2022-09-14 10:13:16,2020-09-01 20:38:47
100,463,dennis83,36e55fe09ee9399e10992aea9213d047510fb83f5609fffb85dc08a282cf2fc7,2021-12-06 22:37:22,2022-02-07 10:05:01
101,227,kim96,fc81bdb9923917074df60560291cd1f16c006e705681c7642223c88bec84f58a,2020-07-15 23:41:38,2024-10-10 17:10:02
102,420,michele69,fd6cca1d4b381ea83863ae3e71b91ae78d8a138816f7755c9d02207f4b7f7066,2023-12-27 16:55:38,2022-06-27 21:43:21
103,206,eberry,845df1be6f1a63e1c45d57ca93eec1b4c3a2da70aa568328a8e8d6df8bb05da7,2020-10-06 07:57:23,2021-09-19 12:10:38
104,93,mccoylouis,f8e4c1893b89976a17891e61d6c828340aa141f755c4041da4389af122755233,2023-01-16 13:55:53,2020-10-04 05:18:16
105,214,jwatson,e1ac63789bdc46ac115e20f64fad82cb1ffdeedc24c205fe5e583e537f37d06d,2021-06-25 04:04:29,2021-04-23 06:18:03
106,101,youngnathan,6ac032a34558ea84ed26b6551d190f099bd2de2a15baf61136a58ef72d551523,2020-02-24 01:45:21,2022-06-13 18:59:16
107,413,jessicaaguilar,2543816e52907106aaf224fb10ec80b9eaf0d2b45d9ca45f1a08285596a50813,2020-12-16 15:26:38,2020-06-15 04:17:19
108,457,amanda03,9bb95421bd19cbb41a84244f86485767301dde381cd5e44082eeec8937860b6b,2020-02-20 19:54:34,2022-07-11 17:45:16
109,27,stanleyelizabeth,9eb4dc0a5e8983d78f543032c76e49145ed02fc34aff333ab3196ffedfd3b890,2020-10-28 19:19:39,2023-11-07 15:13:23
110,406,cbenitez,9876539d367a123bf5a8efc5e704210f14dd1177ba47d167c7fd75d4bec2dcd0,2021-08-31 19:26:09,2024-10-25 16:01:36
111,437,reedchristopher,c4ba4ceb509dc2c59b13409d706480217d5a147933114fa0917b33e864ddc07d,2023-06-22 13:37:25,2022-06-21 00:03:59
112,315,ostrickland,b80cc114e9d4a0fb681008f91b7924b73971ce6a2affbe0c0a5bd07916cee560,2020-08-26 02:22:18,2021-09-23 17:58:09
113,267,teresa25,c53a91cd3558921e1169b5e4145d2ab0b6af1cc37fe303663ef638d3813152a1,2020-03-01 19:41:03,2020-10-18 19:48:02
114,370,slee,24343e43c2b5d36488096af65991c2b6e63bc720e6835c3a9adeb6d5884dcb5a,2020-08-20 17:18:53,2023-05-21 07:14:17
115,249,ffischer,bff9e6c9f62140764f414deaae9cdf31f8e2e2414a067b73efc18807854516bf,2022-08-02 23:21:16,2022-10-29 16:57:17
116,403,michellemurphy,48d60ef6282f56746dc385af2b22c092cf20bbf0f3a4012a2adfe80fb1d7bcb4,2023-02-21 01:19:50,2020-07-17 01:29:40
117,82,hpalmer,b11d47b3616d6006fdcd726a6929c3464bcb0065e0bf4fabab1136743f141758,2021-10-05 18:48:44,2020-02-21 07:56:46
118,396,thernandez,c86e488f3b0594ae1db2e4bab9a07ea1533be99129a3141dae404340bb4f98cc,2024-08-21 08:13:40,2024-02-02 00:11:46
119,464,brianboyd,3b733765fe81f202688b134779e20ca23651048cbaa208126c3df61d476c84dd,2022-11-20 21:52:50,2023-02-07 05:51:43
120,374,lynnsanchez,474889bdc775e5b09c027c0b30e4b8b32a611a6a4d4e0dea0087fead13bd7874,2022-04-01 16:10:15,2021-11-14 17:55:19
121,262,knicholson,48008dcaa59c8c61293221d155673bbe8df6b29f58615dccac0e619172fb8113,2024-07-03 18:52:37,2021-08-02 05:44:31
122,86,jeffery79,019840da24ca9cdbd7be8deaf4080ad74751ffa82fd25bbab978fd4b867dd7d4,2023-02-25 16:24:45,2022-10-16 08:54:53
123,492,zmcmillan,94376ec02d2f5e73623397bacdf62b870ed2ad9d38c97f1b9e78960311805fd5,2020-03-28 18:50:18,2022-09-20 09:03:57
124,330,hsimpson,81ae111deb1aee78f82fa5822b8fef6bd2dc034a53baa80ae451981b88c4c70a,2020-11-08 07:08:32,2022-02-26 06:23:28
125,193,hollyjames,c2278077d6b8679dd5456f71bfef55f1d1a2506be252e3fd510c229de1b4997a,2020-02-04 12:01:30,2020-10-03 05:19:45
126,367,davidcooper,696fda2b1885b7089f62f5f7147e4488f70c06fc355212d6850300d774c21757,2022-05-12 13:27:49,2022-03-22 08:52:48
127,296,jennifer06,b4c073816c71a5638ea6003d6d2b80d5bb0957c806d575c6f0ee71fea84f6b9e,2021-09-24 18:03:12,2022-10-26 05:43:38
128,110,myersjoseph,fdb45975be5ed77efa70a04d08302898ad502f34932f1979d2a26bfb9b4bb6cd,2020-09-24 05:09:09,2023-11-11 07:23:18
129,213,robinfigueroa,40032964af49adaf6c0b82e99ee3d49fea3f67bc5b7ba66788fd36894e202ba3,2023-06-28 17:41:26,2020-07-17 07:16:48
130,290,reneeperkins,1164464bee3bb663f8b602de85b0ca1f1278ef1ea3c9791bb43ca636ac9b9d95,2020-11-28 21:00:30,2020-04-02 09:04:08
131,151,debra66,33838e132c46e3085d3ce173bb728efb73824e7b12bac0a9d09e4089dce34aab,2020-02-08 10:05:44,2021-05-29 15:22:29
132,384,monica30,a9dfc55a04c1f7b1c2591a232a682bb58a678eaa36460c37da78aff7fef1d8f5,2020-08-14 12:06:12,2024-11-05 10:52:49
133,72,xgolden,7cd116fb446d7ae2156e612e066d41b65eb7c720fabffe927fc71f4c00f25c09,2023-12-07 08:06:53,2021-11-14 09:18:28
134,396,dburns,a796bd3b793d6474109aa6f978c8410136f41715dab3df0e4f83f6dcd1f151c5,2022-01-17 18:00:40,2022-05-24 06:58:50
135,36,mjones,ba349bc47b7a178cfb5e38cc9a23256c3d4bd80f36d7dc816538ace6c87857c9,2021-10-11 14:13:44,2020-03-21 05:57:09
136,98,kendra24,961006c3c115e94e3f00d7db0aa8bf01d43b201330dbee17db60b585b34f861a,2022-11-23 21:40:14,2020-08-06 11:28:37
137,27,stewartjohn,cf738d3134219ddb66d73dd16542ac654c4b29b8e546af7461ee2d8e07a27c5d,2022-04-25 13:02:29,2023-06-18 16:31:01
138,339,kevin23,7686ec9959f5d405a2b4115a115a702128230ef0264773bc2d04756c40331dac,2021-04-18 01:44:50,2022-10-01 16:52:48
139,340,ufoster,cce998ff5ac2c16bea1fb7c6b3c564e604b45a6a4f2b6d06112174ddd2d217d2,2021-10-06 16:43:18,2022-08-29 05:12:08
140,254,chenjoshua,2e0bc1029f6fcef25bcf5f8153e0140807261d6c28b2d5f64f9d468958fbac75,2024-06-05 13:57:55,2023-01-17 17:46:03
141,84,carterdawn,e39745620d53c7e5e451da61f84b5fe63a62d4b8e282e1a6f7ed02c191e0feef,2024-02-24 18:22:43,2022-11-07 04:44:57
142,221,james87,448c96407dcad8b1e74cd4750e3cffaf3f8f37b53ed8fb45b57245f1329cd185,2022-06-25 07:06:30,2020-01-24 05:35:53
143,213,markchen,93886db0702addc636296a5573339e2c3b6512397921f30f8aed941502dde924,2021-10-06 06:20:35,2020-06-29 11:25:43
144,221,bowersrachel,101bcee856a1c5b94ce91839af8e26b8c3923b0077ec3d0dc91660a5af8564db,2024-08-18 12:36:41,2024-04-21 06:27:52
145,87,jessica23,2f413ce46b6cb51e202e772ca21251337ea2cfa8a93cf8bcbed7ae1e19dafc0b,2024-10-12 05:36:58,2021-06-17 13:22:58
146,209,zimmermanjessica,2928da28faf228ab192f5534fcae0aaf20bef5c12de7784a0e91ce682f3ce172,2023-06-05 22:56:57,2022-12-31 10:23:13
147,16,armstrongcatherine,83c9c27bd1e06a16b8c3c2525fccaa5f64f7fa47bc282f84d9cb56c8cefab076,2022-06-23 00:16:15,2022-07-12 19:17:06
148,475,pallen,b80c70b2cd7783246a7fbcfc12b2fba191fa6e60c10d485c87cfb3ae4240b313,2024-03-12 00:39:02,2020-04-05 13:52:13
149,341,joshuayork,bd0f869bb92a6a57f493acec50bb5b9cc23a5cade03726b6937f3b4b7d363344,2024-07-23 14:56:25,2020-05-25 10:13:31
150,276,jessica26,b94f2d4f0d11f31232c8ea9b3db67b95c5f5808b821599c146a198cdc88f385c,2021-08-09 15:48:33,2024-03-30 02:56:36
151,14,sherri22,7e12f6fa188232baba00f4b392aebd1fe5dc84ba7b9594396ad7abebf80e0ef4,2020-09-13 11:41:40,2023-11-13 11:10:58
152,339,powellstephanie,27a0459431cfe9f3ba87002e467527bd59f9d55fb93cb7c916da80c30681c112,2022-03-21 17:44:03,2020-02-12 17:28:40
153,309,matthew25,68523bbf1870a6af1fcf116026e7d67683a8306b0e8ea27ee5f4bc2ccc42b1c0,2024-01-02 04:46:51,2023-07-28 03:03:46
154,359,shannongraham,54e5b8b42c3dc77d0f4f571185b2c3352197fb3a2b0c8650a2baa0a221cb010b,2021-08-13 18:01:41,2023-06-11 04:50:00
155,104,rebecca71,f416bd196ae517d5f494c6bba88f656b20e8cb60999d0f38539fb0e2e3300a5d,2024-03-31 00:57:22,2023-09-10 22:02:56
156,49,moodylarry,a1b372f98e14826e956061f6a0e53c20608bc50df3d22111adf97b41f4e39dba,2023-08-24 03:27:21,2024-09-01 12:15:41
157,225,ramirezbenjamin,0c95d8ca9d36236b8579d9e5a9fcc6b28a25206d873bbd9ef1ef9b63bee693a5,2021-07-22 02:19:16,2023-01-10 04:18:26
158,167,cynthia19,5e2276f75c30be43d44f5272eab1e9a5a548a8c52e32aaf51d58456ccc25c8fb,2022-07-29 04:11:02,2024-03-03 13:33:59
159,471,sosadebbie,a20f77d7f56bf25eb1084a5af8d3877fb8c5b3728c59837a65a5183a01d893d1,2022-08-03 22:53:49,2020-03-03 03:47:54
160,350,kelleyjennifer,2bc03bbac4e07bcbc9df454d02bd851cfe69dbea7498b21643bf05a15559fcce,2023-11-29 14:24:52,2021-05-05 14:53:56
161,237,bradleyjeanette,bc403bbddda4b100e0a9a1f15fcbdce24c1af21c3a981bca2269fa7835af962d,2024-07-31 09:36:00,2020-08-07 20:12:17
162,469,ychambers,9020483c4576c3613382d3afb6cf6945536d6c6ef9a69eb4439b87467afa5aa8,2024-04-25 07:41:03,2020-12-29 13:38:24
163,181,vgraham,d912e86fa33e7bb34903ed07a2e20a36d6a4ed6cdaddfc1fc41e2da9495f977d,2023-09-12 17:15:30,2022-05-12 20:33:35
164,393,jason55,b097fa84e0bc31c1b90ec9ef9cdeeb63917a464f3d0ced99adc18efaf47950e3,2022-08-29 04:12:33,2024-07-02 15:39:25
165,80,ksullivan,1f55d2ad61390caac48fca98fc53727ddf490061ae37d62e395b56ac164ca50b,2022-06-12 08:24:59,2024-12-26 02:26:16
166,200,hernandeznatalie,1709367e8d8861c6cd02e3d38b70f07ee552aafe5b0fed8edcb789fc09f2cd6c,2024-01-16 05:02:09,2021-09-11 01:05:33
167,77,matthew97,091d6350a91e58642b98668272ddda570d2748d032f5d53226512caad1a96f32,2022-02-04 07:37:51,2023-08-20 07:11:43
168,9,sean97,39104b0d2f88081db98805b6b49397a51002336fc05025758ffaa9d261333973,2020-06-05 23:06:54,2021-11-24 10:42:57
169,286,griffithdiana,ea085c7d1b1eec774063ec873bb580996046da6b326368b02508536d704d0d8c,2022-03-12 02:31:55,2021-03-17 03:23:38
170,30,aross,4ec36a8023dcc31008216343f1890b2273ee7b2f9ff9b024bec55c58ecbac52f,2020-08-07 10:42:55,2021-03-26 00:02:29
171,383,brittany48,939c947daa6a061232ebd1cf626286a43fbc9661697c57ff3364055205528745,2023-09-17 15:41:16,2022-03-06 20:16:58
172,32,hmorgan,86f91b5fda13870c5ad4622f07f4b0b649d68c6f24bac9b45d653671ce3587f3,2020-06-23 16:01:55,2020-01-01 17:39:49
173,340,julie35,45e7578bf5bebd5235925dca9322784fa3acf8e18155636d53e754e35333057d,2021-11-23 23:11:03,2022-04-14 13:05:15
174,89,cbarrett,8606f89f1f2ecc3a43f0851810a8bcdb71b4901f346a83537356cd6da69f27cf,2023-02-15 19:45:12,2023-09-02 01:01:01
175,371,mike51,3b1db2007671a11b10816434e9e2a0bdd48cf5a120211bb27139955890816bba,2022-12-19 12:57:39,2022-08-17 12:10:28
176,465,lgill,07e3feaffbf45a65313e25be8dc3b6b9dd15bb681ccfb36806139004e6b5b434,2022-12-12 01:08:51,2021-12-31 15:37:40
177,218,richardcook,842febb748b9728da2000040eed14bd01b2cb7211d0a60cb5a6aeda041d6ad43,2020-11-09 10:35:18,2023-06-23 13:42:41
178,92,cindyberry,f07e72b1a0f1d0b6c85ca450c745b5f641e4228330d285cf744159206256d5ed,2021-10-10 15:51:03,2021-12-07 04:40:12
179,303,ojohnson,261d22c7333722e27c795ae95f2f3c6b691697ed7197f1b04bb9a26d9abbe71b,2020-09-19 19:43:34,2023-01-15 00:43:12
180,239,linda14,e740e710fa36d1c2fdc32736c56f3de0caef461d2b57d29a95f9a64e31a7a898,2021-04-21 20:42:53,2023-08-29 12:22:15
181,439,briansutton,8ee073f5ec020abf6a4227554eacc4d33b5d8aaf9a45c0bb16570d26880f03de,2023-08-04 16:57:24,2023-10-12 11:24:16
182,112,ashley75,05a6fb821e8d6c8dcd7819fada54a8b88ca486a0985b88462a8b9ac3ce785f52,2023-08-24 04:27:23,2023-02-26 09:29:42
183,132,ericperkins,9d26e7a4df5643a01d92fce433b12639f008923416532217e84081e53eb68b24,2022-03-12 10:11:59,2023-10-03 17:54:37
184,396,richmondelizabeth,90b0c741c9252fa7344fff9e9bd1ec13f21984c0787cc04e66b928e31a47bc07,2020-03-26 17:49:58,2024-02-15 21:57:46
185,161,jonesnicholas,c8cec2991ac6bdc0fd0fd82834774e83bf1067a94bce32756f7b5dfb96ce2d3d,2022-01-11 19:48:31,2024-04-29 06:53:07
186,115,alejandro89,8e08970dd6a477dd795443df4edd9a3f34dbf938300f3c78d908cdaeb8ccb8a3,2024-02-03 18:12:30,2023-07-27 03:51:33
187,486,laura23,17e3a3681af5acaf2f1d208aa6c4049a3650719a0ab5953f5190b1b1c4651516,2021-01-10 21:00:16,2023-01-02 16:30:34
188,130,carrie88,de5339b14c8b9dc74cc71beca977f3842a82defcb885a6b2e4129dfbc62d8d15,2022-05-10 14:16:20,2022-06-25 18:20:02
189,450,warnertonya,f6c4310947545bc820e415e8556c6a61451f4a9b3b970dddb3b769da9e482731,2020-09-15 04:32:36,2020-10-13 05:39:10
190,407,hodgenicole,ef6172b5575216408764edcd82f265c7d7ec3f9a359b8cd95ffd2d6787f4ec39,2022-03-24 02:42:47,2023-05-18 21:27:54
191,203,danny61,527e930f98567c3175b55b136fda278b37ec8f9977d3c82b1640e59d691b37a4,2024-09-09 23:16:00,2020-06-15 13:34:27
192,22,michael32,524e68e7f8d73297c7fe30365cc06326c830065279c934c7e37a0bd6b1f2213a,2020-01-24 20:37:01,2022-07-19 23:07:12
193,186,tbauer,cf141c7ddcdb6b0ad2ff3921f71783b4a606a19ca42c3ad2a671dd4fe35086dc,2022-05-31 09:58:57,2024-10-21 19:00:44
194,118,michaelcooper,3154d1266b21c930bd81700521345d965c7e79b787f5f9d4c63b58e70b78974f,2021-09-20 07:04:06,2021-11-17 19:18:41
195,406,jamieowens,03ebcc81b33eaebc06df9d2e0bc9229b95d4c8c7123ef884fe117f27e10a0239,2023-08-02 06:38:52,2021-08-16 16:38:48
196,124,chanteresa,fa74ecc7e953b292c6c1cfd91e9fc7e2b1cc84eb3f7508ca7939565c902591cc,2022-03-08 20:01:25,2020-10-02 23:13:09
197,478,hicksjessica,a73ee2833ee812881ddb62a6fa51b08a922803c775d3cf70058553866320a215,2020-01-27 07:03:08,2022-12-25 22:10:17
198,338,scottraymond,8fa80d401f236039676946296713fc606f1e13d9584acf5f71b742fefe374b9c,2021-08-17 01:07:18,2023-01-10 00:53:10
199,78,castrosherry,d1f76a0d03547f15ccb8cab1e327734084e477b5c2c64cff55ec80fc3818e1e9,2021-06-09 14:34:01,2022-10-28 12:17:14
200,82,diazwilliam,dd81de54922881bd76eb088bb0f80290eedbc7a7b6ba5b1461e3e5b37f4d16b9,2022-11-02 10:43:31,2021-04-25 19:02:11
201,464,andersonjohn,c8282cb41b02d8cdc5ce7c74ae191fc3238eaa5d5c28885bf64c07bc3ea67bd7,2022-02-04 01:13:29,2024-04-19 13:33:41
202,392,john12,3a4e2b646e1edb158a79ef2c1aabf7d3b149d23357cd5141e238d464f5e4e54d,2020-04-02 06:03:08,2020-01-29 18:24:06
203,8,kellycandace,cc0ce5a6db4df85988c1a1e879b6d0e934ec024fa529c7600cb8f7e4d57d7e50,2020-11-25 18:55:52,2023-03-14 17:46:12
204,67,ricegloria,b98d7fcd58686263edcf0de9ddba5ae879b2eaf5dc0c0af32ff7b0001af3f4e2,2024-09-01 20:32:23,2021-09-11 05:39:21
205,39,pbrooks,fee814f31232ce2b575abb1e87da9dc591d3fb5ebf22846ce8891734c9571ca7,2023-04-08 01:16:30,2022-06-17 03:06:07
206,440,kathleenporter,416e5e3ef385c66fcd801de23015ad65c11679cd69efa30b06f15c95c16f9ef8,2020-06-12 20:25:44,2020-05-26 05:22:25
207,177,deborah76,994e85544f0bffde5eaa90a0f2d751e7ffc888a7002edbb656eeb658d0da7b13,2022-11-08 00:33:32,2021-01-25 04:55:11
208,392,deborahreyes,bdc37da3fbee559aac7db11c6ecccac7c992e3becdcf3ec1dadfb27193caccd4,2022-10-05 22:41:50,2020-04-26 10:47:28
209,116,chapmanbrian,f16ee43114852e715fd0e46079e80edc3b38b03f88840f29c64cd97bc7253848,2022-07-01 05:02:21,2024-08-10 10:43:44
210,378,elizabethestrada,28f8e7650dd6662fad81654d52451acf5dcd62485ff9b2b17e25fb3e657c4bbc,2021-05-14 00:18:04,2023-04-19 04:03:21
211,120,arnoldzachary,7650fc2d38297f48093084ad0abf71c841003900d99ddd3d11b11f151e586b1f,2020-11-27 16:17:07,2021-02-13 19:03:16
212,416,joneskenneth,26f1ca4af4258b02a4fda519232d243dc79d2c59ace4eaf9c5bb5b3155ba8855,2024-11-01 05:05:51,2024-05-22 08:10:38
213,497,jennifer39,26bdd3d8dab72de20abfc68249a6ae27446207db5076715f5f6123356f529d01,2021-05-12 11:49:33,2020-02-28 09:17:16
214,400,abigail40,fe14214be51eb2eb107ad952b7bbec71153c43c27986c749f484c3975fbfde78,2020-01-21 19:45:09,2023-11-12 15:06:24
215,360,pstevens,c795b06ce852a22b2486751fdc1efc19d9e502f86a11ddf4541131b760a082c7,2021-01-14 19:01:46,2024-12-20 12:32:26
216,102,ryan38,0e6bbffb4f08a4c4f1f4bd5fe97b82de626018b9e9a4a18553650ca5e338a569,2024-12-20 19:37:41,2020-01-08 07:28:32
217,106,brownmichael,1cc30a302d49720872e2a33fd41535ef821fcf1f0cc4388b3044ac3a0be3a1f1,2024-02-11 10:10:38,2022-02-18 01:38:33
218,39,hamiltonkellie,f4e739c7a1510e866e299659ed72512a456434dfd8f3e9c92c38fd312f2e9f68,2022-01-31 07:28:39,2024-12-30 14:36:31
219,66,michaeldestiny,746ab40995df75f119c1efd472dbc978b49ed7681a8e3a23c6e6be289f859ce0,2024-08-29 16:20:01,2021-11-30 10:28:21
220,196,fgiles,c3d77fae640115fa87ee6d5e7146b6ddabfcb297e71ecff9e4b419e4c3adcf8b,2023-10-21 11:10:53,2023-03-21 15:40:27
221,471,cathydaugherty,26a06c6dc65fc3093aa9609e5da16b3e859515c9081167ba30a0ea991d84ebe5,2021-08-24 02:10:41,2022-09-14 07:35:12
222,191,williamwalker,68fb5bdc6d33e9ab9922ab71fbd14f113088359cad8e704dce3512e9397d60ca,2021-04-01 07:51:28,2023-10-05 04:52:22
223,332,marknolan,5f049e9723188c1ac7802bd94ec6cc96ba48aeacb72ef5809b8d22edbdafc75e,2020-10-25 23:40:40,2021-05-20 09:19:01
224,202,lmann,d395a21f13bd137c4c91f3e03303073f377eff06cff7da87cedbac1052a4d789,2022-01-28 11:56:44,2022-03-02 09:19:32
225,29,sara94,22b1bf1717bd68ab68f56ccab9066f2127eca8fccf889d06f2320cda8d34d22c,2020-10-22 18:33:22,2024-04-11 04:53:46
226,42,vmccoy,618816a387513d53350b2b1eb1a85d69aae7da8e9257fdbc20fafd913076e12d,2021-09-10 18:47:40,2022-12-30 15:25:21
227,235,belljoel,93efe1025842ba888348a57344713e4e208a4647891724c397fa0a2e3344dba8,2021-07-18 08:39:50,2024-04-28 05:50:33
228,62,johnsonchristina,f9e1ebeb803ac6fb93b522726039150ddbb703c855490d00f598a4d0edded0cd,2021-11-07 08:17:47,2024-11-01 14:35:20
229,220,jessicarowe,b18cf6de29d03120e79050bf68a73ad9d1b3211e348821b8cd5c24c0440c5515,2023-02-07 08:10:18,2023-05-23 09:07:20
230,105,barneskevin,dfda3a3cd09c34b9844190af2fdd927bfda48b66c257d2c4564edfffe452ac15,2022-12-25 14:27:34,2023-10-21 14:07:17
231,384,castanedarebecca,37ff8da06897f671483fabd0a15a4044df040f3508a1b8600603f0d2e4117986,2021-01-08 17:38:25,2020-05-21 19:06:17
232,427,beth75,c9eb4bc6522446fb35a1332afe55a48f8ac5012e8037be11c95c99edc47a6e0a,2021-08-29 12:13:20,2022-03-09 01:17:31
233,176,burtonheather,3f3bdf59341b263246642a9b0c8d532c24081b3240486708cf0f255f6c248287,2021-03-16 20:40:36,2022-05-24 20:50:41
234,164,scott24,e8d03017c4f3cd0571296c944b80b12306eab4ea24b6b54def4a69d39540bd88,2022-04-09 21:28:24,2022-08-21 10:03:41
235,8,susangarcia,243661f2fc24b4b56e437ba4f7b452452ff0fae2381fbb1625bd385ffa3c23c4,2022-03-17 00:35:48,2021-09-21 14:14:07
236,375,cmartin,b0c628909fef3f16a1b7f6bfe2efb74b15a3e4ddb4afa3b5a1cc1b6463d7bcb4,2022-05-22 11:40:38,2020-12-03 07:31:21
237,83,dawnpena,52b9160c6eff1f1049b029225b2d8979d691804d747ade44e3bae461e88b144e,2021-10-04 20:30:56,2020-01-19 04:17:50
238,421,randalllawrence,658494221c0e006c8a98e46dadcdc1c1baea6962ad2c9aca380ad35ac207000f,2020-07-11 13:13:59,2022-04-09 10:45:00
239,193,brownkatherine,3acc3fccfaf0f956c3b710df9a17fe2259fb103d75bb0c640e72969f62634503,2023-11-15 14:23:34,2021-10-31 10:29:56
240,375,bellchristina,77b2d320504928494e2c33f43dbb2cd3e47b7668bfc86a29ffd10421a54e75ea,2023-11-08 00:08:04,2023-08-22 16:39:31
241,451,sheriherrera,7348980da6a7fb47104312cf610425e2af5855be6e866ab5aae875b1b606ed02,2023-03-27 21:13:51,2023-09-21 15:26:48
242,94,wilsoncody,7c1229505894f1c3bba890b02bb861a7aaac0e5560307ad857eab6a7cd7f7695,2020-02-08 21:57:31,2020-05-09 03:06:26
243,432,rsmith,9c6414e3ad6c0737518d7890cfaad2c4efc63127880f8366e50b927bf5ab97ea,2021-01-30 21:04:06,2021-05-28 22:30:42
244,381,ecarr,bce3fd6deae77e8439a16f0a799b00a96d9b6b19385c097a02b97d5d653ebc83,2024-06-10 01:22:26,2020-03-24 10:14:26
245,411,kristiegraham,b9cf68db8610517bdc389ff97f3cad0c025db6258970bb775948018c2121de0b,2024-08-09 15:39:46,2021-02-18 06:44:48
246,219,mariatucker,9b4232ccc7aa88d824487a2675acdfa49c87503496e7577fe5fc06db17993bd7,2022-09-03 04:35:02,2023-10-25 04:49:40
247,201,cyoung,33f0f69aba7bbbae25c74e634584908089b3e31eebfafc15add82eb7fb66820d,2023-01-23 07:53:25,2020-04-24 05:10:45
248,417,powersjohn,85e2f917bbe898d2840a00c65ced5f41fc5e6c90a51d73ead13cefb7ddc46eba,2020-12-07 09:49:06,2024-01-22 11:37:23
249,71,brooke90,33676e5946d26d14a835655ca499b6ef3bfba2749f8ba18d968e617f9b1811d9,2023-02-19 16:19:55,2023-10-25 02:46:00
250,140,julieadams,4478f88e58210fda85f8a4b6ad63801d4e17435afc42b1b3fc479d527f05fb78,2023-07-26 21:17:20,2020-03-12 21:01:01
251,118,grogers,2d2906f0f7c95e08cf4d7b6d7edab3a21c139dc68260a363b5ddec34a9fb772b,2021-06-14 20:44:02,2020-08-25 12:14:59
252,204,amanda06,3b9f989874a68eee276ae2f66dbd950178f387982d63ff73f6ab98194645fe8e,2020-01-18 08:12:37,2024-05-30 00:02:42
253,271,bryanbrandon,01349b8049901fdf4d888f2bf0177e679060e5d98a7e6ccd51e3d24c36795eb8,2022-03-15 11:28:49,2023-04-17 05:29:48
254,89,albertwilliams,88bf681e23af71658a2b65925c6a99483b1b57dc3233d3ccc1621664f8cdd3dc,2022-05-21 11:18:48,2022-09-05 04:55:42
255,289,jessica89,bb756dc0e96fb2a20527f15ae991774a2b32f69cb9d8ff8b90e88f587c585ac1,2020-02-24 18:24:24,2020-11-11 00:24:46
256,62,iwagner,f9f61f114169df426f41a3cec50032aa3f75bdac7c471572cf3b23423d874c8d,2024-07-24 09:14:48,2024-03-04 07:53:30
257,4,williamschristopher,9c4f0a071c5f04df7e46cef3796301398dbda92b59240da8e8f15b2b2afff3a5,2023-01-25 08:13:47,2021-08-19 09:03:09
258,365,benjamin37,fa70c3e979994058f261dca08bfdcce9d2c00601b4ddcb0ca103fb16225be2c7,2021-11-25 02:07:47,2021-11-30 04:26:49
259,213,ashleymelendez,04a72e1af600172dd7bf636c9d45e455ef6fc17175c8c162af4caf7194f6419f,2022-08-11 06:21:01,2024-07-01 05:54:07
260,142,cmay,66ae37fcce8ee904ed2521153f8a94ed4c56cb0017a0460290c518503c266fbd,2024-04-03 09:45:57,2022-07-26 23:24:16
261,222,castrochristine,813b1aad940633828dbe488beecfbabc721af87e030b06db0dfd030b3d0a828b,2022-11-12 21:47:51,2024-05-19 21:50:05
262,135,jason76,ec6a1a3bb87646abbf11fed5301cb1ad43ab17701542206441b3c106f7f0184d,2023-08-28 17:39:51,2023-08-17 09:28:17
263,439,amanda04,435b6da3a4068cc9f6966528138186daec281075530f86360cb8f963d6151953,2020-07-13 03:51:32,2021-11-08 12:19:32
264,458,kellermatthew,41b146e79efbba782b4aeea8eaa6771977faed9cf4dbddd209c3020f529c3240,2021-02-05 12:19:52,2021-10-30 11:12:00
265,36,melissa07,e1d5f3947fd8a7fcf6bfc52b850acd61102847372b0dfa3490a0e9e8ae3aefe0,2021-04-30 15:33:00,2022-07-07 00:32:31
266,164,stephaniehamilton,a94d4b950aa174d5837c0717ae19d04331b9dfbc9462af801c753c509ce3d9e0,2022-04-25 19:42:09,2023-06-08 08:19:51
267,145,laurabell,df0329780c963e2be7170b2b2352506fe6879776185f77d8261172321d0762a6,2022-03-26 19:54:20,2021-08-06 08:06:46
268,123,melissalewis,6feb1936bee369a597bfb161fb0c4b171e8b292fab5eb0080edf3231f24435b3,2023-07-12 00:34:36,2023-01-16 19:10:49
269,446,nathan99,1fa58c1f02f1e2f47327209f8bd472188194f1104539ef59925640e17d23f52a,2021-06-10 04:14:27,2021-10-06 13:46:52
270,491,laura50,3e2871ef2f14983f34947d51a2aa54fe9ad93913e83c88cd49a4427c82bb4785,2023-08-30 04:34:40,2024-12-27 03:47:40
271,169,jeffery87,4bc3d9fbdb51c79d467475a1e123121b0e59e7fcef05d8871984cb1e842ca642,2023-10-25 11:52:22,2024-06-10 12:56:06
272,341,coxkimberly,caaad9ecec193f47af7613d51e6ca0012b4dfdd0112097b63584ddf9f2033c12,2024-01-03 21:57:19,2021-06-29 01:51:00
273,463,gibsonmonique,ade9c827dd32770e41213168ca6506e2b9b0579d9d1be8072a282a867530c3cf,2022-02-21 10:23:06,2023-03-16 12:45:40
274,281,lnicholson,759f6e79d709c1acbe046e2e0240c3595b82ad15c0b06e67af23e932da748eec,2024-10-09 13:33:39,2020-04-12 12:44:42
275,153,ssantana,c10da3d74cad5bf132832e4a517e33d3319520ed164c40a989b7973e78710f45,2020-09-11 06:55:41,2024-05-04 23:31:57
276,216,christopherparker,f5ad6227695bad0a4d88aee107c303ba3c2f5d5c3d323a1c2a3de4483b895ebb,2024-12-19 07:19:09,2020-07-07 06:46:01
277,223,james80,df7962ec9e2a994eac87dbf70a869d86543afc2dd1940ac6ca9ff7d788d445c9,2024-06-04 05:01:27,2022-05-22 06:53:56
278,383,colebetty,a745b5415e78f590cf9d32c90c5b1b0a22e1f0555488899d1df9ba4d32b41921,2020-01-14 00:44:28,2020-10-16 20:09:17
279,213,fporter,23bc05fd9d9e37b0dd6a7ab87ad39481e8d209bf30918b06f3874cad44782d26,2020-03-11 04:24:31,2020-06-03 08:04:29
280,415,joseph17,ef8bfd37bd2bb01a5f6a2d7bfaf378ec87329adcbb5b8c8fc70523b8c693a1bd,2024-08-22 10:37:22,2024-12-08 21:07:06
281,139,nicholasjuarez,0423d5ef21f1916d36fae7f63668845512a1e64798ce2949a4adb2cedf707339,2023-10-06 00:51:55,2020-08-10 22:26:51
282,13,alicia61,12d75b3ee5e3dd242dcc790cec794f2ec032e5ee7a670d1a19209cd237f91270,2022-01-13 17:20:42,2024-05-12 09:00:15
283,108,michael40,b7bc701108f182bf63eb0590ff282a0690fc3c730cebefc95ba0fce08071539c,2022-01-21 10:21:06,2022-11-22 07:44:21
284,90,pricekelly,cf3c760bf884c42c63a3f50b32bddb3d3c5c3ea218665e66ce6e5fca16e86e0a,2024-01-17 06:28:45,2022-07-29 18:07:03
285,255,davismichael,0c79f138f487279cbb583c55c4d049431f4799df8412900d441ed1ebc22226f1,2021-12-12 16:09:00,2022-09-28 00:36:12
286,328,camerongordon,1bbd19011d723e67ec0815707bfc632b814f05776b489f1227f4c2e3ac9130cd,2023-03-19 11:15:07,2024-10-12 23:45:55
287,191,qwise,fa0820fef4dd46f0b33e3a5c7323730d654d247cf595ad70d696b0ed33879daf,2024-09-21 06:57:53,2022-05-27 08:23:53
288,231,dustin24,b72a5710f9095a2095e1c3a14a1403416a7464d9cb6fabeda5728899401b6b5e,2020-06-30 11:29:47,2023-05-23 04:59:42
289,342,clarkmichelle,053bac2d72b458e2dc087872cf8f82961153bb1595778b26feb34ac1d64fd7df,2021-07-26 00:23:14,2020-08-31 21:49:58
290,276,perkinscody,a27bb8193e442529d9e2b0354d6537050506e3a499634bbc2420377fc3a6907f,2020-08-23 00:52:40,2020-01-19 04:17:05
291,313,nancy99,b1817d91634b98882b7aca83ba0b9e47d9e60910812c666a08ac1a460ed3cd36,2022-07-19 10:35:32,2024-03-25 23:25:01
292,335,adamschristopher,b23453fe2e6dee03164cd927874bfcac040b3e1eb129f52ae30fc2a9c248d9ef,2024-08-18 18:46:26,2024-02-05 11:09:06
293,460,melaniesmith,4616b0cde136e313034fef303e4f7e687062a41eba45b556ce0a38be83478e47,2021-10-13 07:27:54,2020-06-02 05:36:05
294,475,josephcollins,48b6c5d0a9c962a540fca030a61fda5ccc81474f9f04d1ededbef294dbc15b6c,2021-07-24 20:15:28,2024-03-18 04:54:44
295,474,tiffanygordon,7e7facd707794bc9723485e615a2b3cb4626e650870c28cee3a34e4deff8f6cb,2020-05-23 10:51:03,2022-06-26 03:57:23
296,433,christopherwalsh,f49c9136f49aa1245dd3fb4f020cc8521b39930a0a05c7b3211923ccd7a7d48c,2024-02-14 13:53:48,2023-02-05 10:26:39
297,297,patriciadouglas,bb7e8fb8069663a9a800ec23a8f5ff74e81d5f059df167864aa35d9a988d2f36,2023-05-08 21:07:47,2021-01-07 17:25:56
298,236,wpearson,6405ace423304ce4576217112125bee68b02925a2ea68355f50e4a7b1cdaec73,2023-01-13 02:33:43,2020-04-18 10:11:56
299,383,charles22,9ad703ff34e044a4527e02b49e8d76b70e4d3f922772965ea5e188963897bb39,2023-11-18 00:00:55,2020-03-18 03:19:14
300,179,carla63,ec82625b4e4fb47c2dc4d9e3e3d0e5afc174ccd088cd2a92af25d789824e7d63,2021-05-23 08:02:08,2020-11-06 15:30:13
301,495,vsanchez,2814e0744bc374f6f67e16f799d158bfc5937ad80cdf03cac7d0c754cf0fd490,2020-04-03 17:33:42,2020-04-24 21:34:25
302,41,oshaw,3733235508f2039dac2dd2e4010ee16a0539152700ce0adcf1d5e8b75b37e5f0,2023-03-13 16:11:39,2022-10-15 02:18:27
303,113,lisa32,52dd6794f50fd05bb9496418988254790f16dbf8bd7fbeff8f0948a80a2ddd06,2024-09-01 11:08:38,2022-09-01 23:33:49
304,202,fowlerjason,7b763d04f71a661c7e23bfab3d0c3cdefe6b1e3247cd4b78ff3587e421051a40,2020-07-09 14:04:36,2021-03-08 11:53:28
305,193,jessicamcdaniel,09036ff386932e6d64e3e230604d0ffe6d67a1848e75cc85ad177b7201c1c5d1,2022-04-04 07:54:27,2022-12-09 01:28:45
306,342,samuel55,4082bfbf03118a55ad76dd6c8b0796de7d8ffad72be9623ca98772207c84a731,2024-10-24 00:35:06,2024-07-04 06:45:34
307,107,lmayer,3e472423226c42989f60128e8c33a3134e0423f9d0760610efe4636b6b363d82,2023-02-19 08:59:25,2021-08-29 01:46:57
308,488,melindacook,c837ff47aac5edd675f593760911f2e9839f164a1919b8027f71a4d8e6669af7,2021-04-27 19:38:55,2022-06-01 15:53:35
309,25,david46,f858454c293f7d81498c153a981dadd721cb273a095c55ab80912414fa4f563e,2023-09-22 21:16:55,2024-11-22 08:43:26
310,445,maciasjerry,840a0fd623f31a0e1facf3a5ee0dbdd45d1bcc00ac989e5a328d005ae92d0887,2020-09-25 06:13:16,2021-12-19 13:23:34
311,192,tvega,70589352a34fb0f3d7187dec7a7fe46ea112dc6efd3e5310b9a688124b17270e,2024-03-28 07:59:21,2024-04-21 15:08:06
312,18,douglasgarza,4844a7399d412ade7f4483b1ad0c480da99beddefb8a81bceaedd36fc51a6ead,2023-12-26 05:18:53,2021-06-02 09:26:24
313,245,gmathis,528a3865c40d8246276b42e963a810378b756cf51423d3263538224bd6978115,2020-08-06 19:05:13,2023-01-30 15:13:10
314,310,vjones,f9b463d901c7d7059ccfbd8ba930c8b1340122363a619cc43bbe48b245752e09,2024-05-18 09:05:42,2024-12-04 11:32:07
315,422,nguyenalex,11f67edea65936a0c4454aed51403712b6663b0a2b7ab78d4d54075d24670c5e,2024-11-18 19:21:59,2023-10-08 17:32:19
316,379,farleyzachary,ae43fd53b337360dd37f875c45ca6e687c96aa7cec9ec2da065a4f01ad84a1a4,2024-03-08 22:55:12,2021-04-12 22:45:12
317,310,sandersdaniel,c43f63a81fbf860ad469d55354639c5ebec92ae52e5b6eedfc8de0ff1877a565,2020-06-13 06:06:00,2020-09-04 18:44:32
318,312,davidsmith,11a4e1ce86eee2be560d9dbef833556f919cb9b2dcd4602b7d3674172c223d00,2020-03-19 18:23:37,2021-05-27 13:54:23
319,460,sspencer,cb2c084b53df7489d4af655fd36d30d62507a07cb7f68151cfe3d8f37225eabe,2024-03-04 15:38:58,2021-06-26 14:16:41
320,52,hchang,9536d7dc411f84b933e18304ec5fc07c9134f77864bf039b79b9a38f5973ad26,2024-04-27 05:46:23,2022-08-28 07:05:44
321,156,agraham,43ff6bcf726fcbb766900d52c753145487a30126e0984e51eb51c8b0e83749a1,2024-01-03 14:05:37,2021-01-21 21:01:13
322,54,adamsemily,d3065e4991bb447264dd99afd2e38d1510ec068d7f517ca483f0d49c0d062307,2023-04-15 11:06:19,2024-02-14 17:17:21
323,280,gabriella27,eacafdd359d4e74b68385ed9dd612b54b06856aafa5a26d0671b1182a63abf43,2023-11-10 09:30:00,2024-11-14 09:06:36
324,441,joannadavis,aa0c706d5f49d71f39abe5153807895806071c2b12aa3d0447eca492c8567f54,2023-04-22 16:06:00,2024-12-30 07:51:06
325,468,racheldavis,d2118710611d71961f6eee1ae5787623959cdfc96417614bfc7cfb6e0f5d6fe3,2023-08-23 00:06:50,2021-01-04 19:34:52
326,493,shannon15,710d273d68428634b199f7fa79666f286a06e44e7db499220b0f0006664f730f,2021-05-08 08:16:34,2020-07-01 06:30:14
327,493,daniel25,4a3432dd708578dcf7ad79c55f5e5c3dc255cc5013ef6257426263417073ea35,2022-02-22 23:42:18,2023-10-21 19:08:14
328,261,calvinnavarro,86601979eda52951d527dc540eb82c76b5b4f43d36e3f7d1f16a82cb4cc2b1fc,2022-11-13 05:11:02,2022-11-22 18:18:58
329,117,sandraellis,fd9f9fd8154b6c4c8f0ad0ab0ae07fd9ac8fe0f464702f949d3a5b76959e948d,2022-10-04 19:12:57,2021-08-12 08:07:37
330,310,lynnflores,36f4208522f88bea8a9a054e6fe3ef78b39c05b2925ec829de2f35c0ee0381c2,2022-03-31 00:08:51,2022-09-30 07:39:15
331,221,rodom,2f9cf5512fcda3c96d934328f0679baa91f215c6eede2554e4ba660a336c0191,2023-02-14 03:21:52,2024-02-20 19:26:05
332,286,rosechristy,c9c9398259931515aca517d115e3ce83b56fac7c5e7802c5fdf593eb217e3ace,2024-08-14 14:30:27,2021-05-26 16:53:22
333,177,kimweaver,1f6e75c828726a9f924038250cc37c27bfe8e8ff23ca57d6bdff89df0c85f5fd,2020-07-04 08:16:34,2021-10-01 12:04:13
334,82,crystalowens,768e1de502222357f89c41e16fa4569df9b5d1dc30048714a5bb70681b4189a2,2020-03-31 06:56:55,2022-10-28 02:14:38
335,329,kaitlyn24,2ecc406ad6c481276cd5a826103e9279819371c7a6c940e6b1580a13738743dd,2022-05-28 15:17:23,2021-12-11 06:53:08
336,471,talexander,65a8cee3a93159e866c91cf65f8006274c1f41788a60dc79444142387828b0c9,2024-07-08 04:23:17,2024-05-08 17:25:42
337,240,armstrongwilliam,6d2f620bfc868de5d8138d5da7b7297e712420160f8e2ef8d0dbd6c4c2a29129,2022-05-15 18:39:32,2023-06-06 09:20:00
338,486,michaeltaylor,19d912bb3dd961d8b407b894e2d2201f5751ac5b258b37143619164372dacefc,2023-09-18 11:38:05,2021-07-30 04:58:37
339,339,gdaniel,3fcebe03ef91d6a648afb76394d66aef149dc1b3033a3d3e715303c3a5cb0c3e,2020-04-30 06:32:01,2024-08-08 02:55:09
340,262,maria83,4d5a9a24c542e143452c8f27b19d7f6e37706c9f0e20eb2070debfff0787a0ca,2021-04-10 16:26:02,2020-05-03 13:23:27
341,283,christinacompton,4222899dd7c5df692ef198ba8931156c684eb266ad592f75efac5f5f4d2ae60e,2024-03-27 08:19:17,2023-09-11 20:16:32
342,500,rebecca70,183e025f9e4b06dd87147b1a73eb5e3e60d17c0a171cce025c449fb04dd21bbc,2021-08-23 10:05:46,2020-03-03 06:28:47
343,162,odyer,d42dea08633e77b307d4711f29059b6559eed00e02e73472aca61883e431dc79,2024-12-17 00:25:30,2020-07-26 08:32:18
344,260,ramirezmanuel,79af76cc938b2daf0836a523f04d6b8fae46920b2e52290434807dc28f943be6,2022-08-12 00:30:54,2021-07-23 07:05:27
345,468,gregorylucas,60fbdf9ce428a319326db181046c349e06fa5d90f9d34cbc9d2f1c496d5bf6f9,2020-02-26 01:59:05,2023-09-03 17:29:55
346,418,samantha49,4f22f45218390544a189bfd46eb420d260d4e4088f0eb5886a4cf1ac60163c04,2023-09-28 08:00:03,2021-07-20 20:32:51
347,294,andreaphillips,a91907dbb384dbd31706e3cd04851ad28592104f747b1518bfb8d14e87dc3e90,2021-06-30 12:26:47,2024-08-16 06:58:24
348,64,mark89,c2d627b2b288dc18e528345811b3a66032c1ed3bbe13d125fb10fbe8d34cec32,2022-07-04 14:02:41,2022-05-02 09:16:21
349,292,robinbenson,9d4a27b5c0785216e38669e5e051e8fd1f6be1c973fa75412fbc1c50fdf92ab6,2020-11-20 08:07:23,2023-06-23 04:23:34
350,159,marciahall,56885deaaa6d557066929a878c4aea28388a080db4a4a6dd3b91148211fa0154,2023-04-26 21:57:03,2021-07-01 17:22:48
351,245,utaylor,b4f2b2f14db515a545422790b768675471a6fecabca0fd30cee7351f447637c3,2021-05-20 08:37:12,2022-07-31 00:47:14
352,498,ebowers,67df12667be73e48a15411004a5f62574225061032e3ffe7a6245cfb4ddfbb7b,2021-01-14 21:20:35,2023-03-23 13:10:37
353,336,ericcastro,e354c15db3ae49e5bb5f52d8d9f8be595b89ca625abc849f7633dab31417588b,2020-08-10 23:51:52,2020-12-08 00:30:33
354,415,joneskaren,c94ee39b259138f477608619feeabf78cba3aeeeede94e93388291a72aef1460,2024-02-28 22:20:35,2020-03-15 19:09:28
355,291,manuelpeters,742cd85f3335fa9eaec57f435ef321bb4d9b16384df9ee30d368af80417c247e,2021-03-01 22:52:40,2024-08-25 01:53:18
356,15,reidcheryl,b749090f3faa59304e9e40f8e0fef61ffa79a3d16979fe4106bc18dd8b504165,2022-12-27 22:54:50,2024-03-06 09:15:01
357,137,keybreanna,fbba3bb0c243cd348871c802a846ede8bb352e80584c820de97ade5f093898f5,2024-11-27 02:48:59,2023-03-30 02:35:49
358,250,christopherwong,65408d5adb141bccc8ad04bd0cf059e19815b372e6388b788fe6f0d7bb624990,2022-11-28 08:17:58,2024-12-08 20:20:24
359,421,kenneth59,580a0a4731fa0f1143c08dd13fb10aa6969b8cd938518870e38c1447a9aff804,2020-08-26 12:52:34,2023-06-23 19:46:35
360,223,jason04,aee1b61b8e20578ed58ffc12059b1325279a6b01b4d338a78d5de6a9d72c8151,2023-01-28 18:01:18,2021-06-16 08:03:33
361,221,tlogan,c64264db326123dbeca0d2339db8fe5b2ceebb1e1697d8e4db828d3fd3bbfae9,2020-09-30 09:21:39,2023-08-17 17:04:12
362,184,ptaylor,36c6468f1a69e2770008cc939f9e42328db7f4c6ccd04e01839e0239243e86c4,2021-09-21 02:12:05,2024-01-19 05:47:05
363,488,finleyvirginia,2e75c1bbda7813ab14baa0315a47f1c005b1f1d32b8d2ff224f115ded110b18c,2022-02-17 23:38:08,2020-12-01 16:58:58
364,338,hnguyen,450e42a0f339324bba3575057d41b971b2ff8e22d6a5c19739d92895bebaae94,2023-02-23 07:27:53,2023-09-04 13:21:39
365,417,sgibson,b76454a8c03675a0de6ecd35b94dcd30306df3b3e42883bc0ca8b53d7cc98b62,2021-11-16 11:11:53,2021-06-01 18:47:26
366,421,alicia94,2079a50b68f43e76ec4b4476e6af4d58261d893491c36c6f54007dd65eea3306,2022-04-27 18:48:25,2020-12-09 11:38:57
367,85,collincampbell,23f843a0203db01f535f6d3e0c1d0a23e0b03b80e24c45bf1726939b1e4da9c4,2021-06-12 08:27:19,2024-12-16 14:16:00
368,123,sheri99,7857e30b2d0f05b69b3f3a3a5e14dce8843934b9eab5c156423fb8c96d26f0c1,2021-04-09 12:10:45,2020-04-17 05:01:21
369,50,rlambert,bfdf53cac194f67cca07ab0a875dbbc3bdc0ddd948d415608249e98a3efa4e5a,2024-04-14 06:27:00,2022-09-06 11:42:32
370,141,rgarcia,deb1252b93ed0202470b0c9fdec45c104e22696fa27542196aa6e7fde8ac41e6,2024-04-04 11:18:13,2020-12-29 00:04:46
371,424,jessecastillo,004192bb4ee11ca5fa355e512e38099f9ca19023e25900668a6d2a4dc2b6ace9,2024-03-03 11:31:02,2024-12-29 13:03:33
372,88,bryanjohnston,5302f6793d8ca3a7884c3a911239697f233a2c42617696aa1bd1a7149f8e6ea4,2023-11-24 09:58:43,2022-06-14 04:16:35
373,191,nharris,3d93dac5524188a63d2aad628ef0980975a5e0b6d9b9cca79c305e8ec0fba0a4,2023-03-02 12:23:18,2020-06-03 17:48:03
374,176,alexandriawilliams,3582ba7183d0ee052636290c417864394adfddc1f19fe519f1c542b279127581,2022-06-04 17:56:59,2021-12-20 14:02:10
375,259,jennifer99,1b3786642d884e327f2a60aaf9c1d58515a8438ed9227c65100fdac0b78f1ba8,2021-05-31 12:20:25,2023-01-16 04:59:27
376,342,ttucker,d5b3a667f8f05fb318b7a7e933b67509e363918d6ca8620468c197d280f697ba,2024-10-30 14:27:45,2020-04-04 01:47:23
377,244,gomezkrista,8f0b1142037de9dabe9cf2161fa853bd0712d0a2e76c5df93c33f83ac47a16c5,2020-03-10 20:40:30,2021-01-01 03:00:29
378,209,wagnerryan,b928e435a97719cb1e800b46db59599bb4112bc85e1f5828716629e3b8764841,2020-06-24 14:17:32,2022-03-15 00:38:54
379,263,bryantdawn,78ddbf52c930172bb4e04eb062d4dc563eef86c7cb821df4ee7bec05cef55963,2021-04-20 03:24:30,2023-04-28 05:28:47
380,175,clarklisa,a399b4531ff9afccb361a9a1f4f92ba0f800eadcf878a89fc5c9bfc300b8a06c,2020-10-19 08:40:29,2020-10-28 19:04:52
381,374,anthony72,3584798d56ec0c7d410e76a52d4ca74027bfe1a5017cdff7416a2b53f16178dc,2022-06-29 01:11:48,2021-02-21 07:13:06
382,44,kaitlynbailey,7643dab6bb123e808c157f50f1d7d9a35408b0ffeabab3bc36ec2b6ea91051e1,2024-12-22 22:41:19,2022-04-16 04:32:51
383,161,odavid,fab378088d770c55d01bb4b3f730a0141ffbb1266fd1724846132c5e0724f920,2020-03-08 22:53:41,2023-10-11 02:32:48
384,138,xmcneil,ee3a77c453cd59ee0901acdd47783ffec79171c801e4b57d9cfaa6e8c4475556,2020-09-15 10:38:51,2020-02-29 16:32:47
385,352,riverscindy,5b6627a2644da350db301d4816fb83640d47dc3ac0adce576500270e331167ed,2023-08-05 11:11:33,2022-04-11 21:18:14
386,244,brad95,970530a3bb3d4a47fb1b0a926a9e2146acfe4fae3a36938f5a73ad120d4402aa,2020-06-04 19:37:45,2023-01-14 22:54:53
387,9,louisgalvan,89b748abf0b1a2f93e8a63e008bd8e6a3f344e9e52c1033640047493da902bba,2023-09-01 16:59:23,2024-08-07 07:23:08
388,98,kimberly56,b1d790480225f4bf02c3f24397e98888868e8653f9afd304f2a1127b1ad96c2d,2021-06-27 20:16:36,2020-12-16 22:25:59
389,457,alison13,05d1fbaeca94ac48273116186613a5a6dcbc2faee972f9a4d0361efdf9de4362,2024-09-24 03:15:43,2024-10-11 12:49:08
390,297,grantelijah,afad92f7681d5d2db98636f126b95d66599b1311b57657de62d0ff9159838f03,2020-10-16 04:07:42,2021-03-18 12:49:38
391,105,jacksonerik,fa4e6a9344ceca8e107b6a55c0e71ff5b9d510235312240af9b9653da10b1544,2022-12-19 07:40:40,2023-12-24 00:12:59
392,300,melissa50,41b47632c4183bed4e6f502066a7ebb7acd2b4e01a91a7d69b242b6bd90de3de,2023-02-12 16:10:48,2022-02-05 04:05:54
393,163,georgepena,620917d99d8556e7df9a2cce35f9b9032b62d97cce248deac8529135746c0999,2020-07-01 21:58:46,2021-06-07 05:36:54
394,49,eric41,aa0ba7fa51a998a931d905d22138ee1da4a92cd64376a58efaacd1ab89a69612,2020-04-30 11:22:09,2024-05-21 05:19:37
395,474,davisthomas,c45be25e8d45a252d4b2faf5170f6c09197043e46d6590a183c5465e67610357,2023-05-19 14:03:30,2022-03-16 12:04:08
396,314,iharrison,f9d49333cfd1c506520082b1c431ea1ddde1763d2e2956dfaea924cbbdc92ed8,2021-07-22 04:11:16,2023-10-22 01:39:12
397,136,iwebster,fa4797ddac3ec1018ebf708ca1fe4adc6df5048e5f76af7c76c187f951e8f41e,2020-10-26 19:24:49,2020-01-08 15:59:23
398,169,qking,1263e6e85a2f3a6a61509dfd61914c2a5c8b7eb4b5c0521eac726802b75b6b06,2023-12-25 22:01:21,2022-04-26 13:59:40
399,334,qwilkins,9fbd6b83b43158cf80c3fb649fa7bd817ac321d6acc809a0f205c71ed46b3eec,2020-02-14 14:11:16,2022-01-26 00:43:28
400,494,smartinez,1839ff00fd2cfb5e82c6b8174d39d2ce3389f5b90632d3685ae2af5d39d3942e,2022-03-31 16:11:59,2022-03-08 12:23:54
401,29,gdiaz,1c36a1e9ede5a6f4ca4717826fc8afe5ad056fb916b68bca07a09253616dac95,2024-11-01 04:50:05,2020-11-03 13:19:59
402,372,patrick71,c8378fc3e4b0a4ff7cd0ce44fa6012f9eaeaea152df470b91892053baa92c296,2020-12-26 05:34:42,2023-06-13 08:38:00
403,161,christinejenkins,7a8474906c902f69552f1f821ad1388731173b0545d5f43512ab8d5a192e2714,2022-04-20 03:01:40,2022-08-19 07:08:49
404,379,cheryl52,276bdc3c2547c74bc833a354ea4fb123f850a50e380051f711c13cd088e9767e,2020-09-18 21:04:25,2022-12-24 18:32:03
405,22,harrisbrian,c9d97f4012b0389616a1ce14205f1435f08f18f9e13399ef8bc9762796c8ca0f,2020-05-10 20:15:06,2021-09-19 02:11:53
406,134,ofuentes,7c818810ee6129ef76c1cc7a8b5174d5ee9eedaf5b096d9ec4fbd8856454a4ad,2024-07-17 06:00:12,2023-07-22 05:51:37
407,355,ashleylarson,13a13b49d485d48b47d20c0936cf7d4f74c2bf9b01913fb9bff2394fceef540e,2023-03-08 10:10:39,2020-07-05 17:02:56
408,124,steven79,00abcbc4617edf47598aa2c8c5660a81704c8586f0dc0db313af2e3272279654,2021-05-28 19:33:45,2023-04-22 18:22:08
409,330,hannah57,e879b1c38d61f821531f91b25a93ead5f9633919baee6f0f934997982a62d923,2024-02-18 13:59:24,2023-08-13 03:58:50
410,209,brownemily,b9bc73437511c92e7330e6f420511827d1e2dfa80efdf05375a6ca2df1fa4c8a,2021-11-30 04:02:39,2020-03-02 11:02:30
411,249,marquezemily,f74302580a65ee6c4058afb31aeb1a6bec50c5ab567ef5706dd8e8813fcd100a,2023-01-17 09:28:10,2024-11-29 05:45:46
412,471,vvaldez,c316e76877fbdab5c5dbf3fec61c87161f346e39136aceeb8ad5dfff02817c86,2023-08-09 09:44:33,2021-06-03 14:55:06
413,206,mfox,ad7b6aaf3b9273b49783a6b2fcb558ffe9eb11a6d641bac7c3ae211a68c039f5,2020-08-10 21:23:13,2020-08-19 03:50:19
414,102,melissajohnson,0968ae7fe83ac93901a63f247bf8ca5266bc0f2b205d220779b2463231f5efef,2021-07-11 21:01:56,2021-06-18 16:19:41
415,369,eric38,8f1588d80d471ddb8916030b13b1133aec05b4896826db678052f8a60c0d5e04,2022-09-05 06:35:09,2024-11-14 09:43:26
416,209,josepatterson,8e40046fc411431957198f4751d589707d730e8d2b731b8db946137e4a2fb268,2022-05-15 01:43:43,2024-07-22 04:58:32
417,395,vharris,11881de528b3a37cf290cdc84fdd5c612265c504824869f732e91c20b2a6ccd1,2022-08-20 05:31:44,2022-07-10 15:27:09
418,31,adrienne91,f068907f5725f34e646a1cc2a804b9865e3070933eb5257debb1c634026fed88,2020-05-16 10:03:38,2021-07-25 09:53:08
419,38,christopher81,e8c5cafa1f55b80366dd8a981ea0b50d238d8f41dc8e838b10f9f8b1e43b6767,2021-11-06 22:35:36,2020-04-21 11:01:11
420,143,grayedward,ed529f3443def8ad5f444e2a790c6588f31e26a71287a9c7a11246e1403003ec,2022-01-06 01:34:13,2021-05-01 11:14:57
421,205,renee48,a2308ebe4d63cb1ccbf1555a87d28ae00c2f3a4ec8299342aee833476fccf746,2021-04-15 03:21:23,2021-05-11 11:40:16
422,434,aprilreynolds,490bc42b0c4ea3c1b9f80f5d8dccdd5a590438cf75baeef2484f9db923556e24,2021-10-23 12:12:58,2022-06-08 13:15:41
423,268,ftaylor,8f454f788b47daea6292f09aadc0c60104e5c5f45162b3395de30c32e1f3e80c,2023-11-14 12:27:44,2023-07-20 19:27:01
424,452,brendahoward,cd46af138b6fe4d8975fa36c28fe08888fedac5e776f1b1db807e0644dac18c9,2024-04-04 09:54:54,2021-08-15 19:15:26
425,396,rodriguezteresa,fac66c30540f02310f99032333626ac03acf4f5bff5cabb414f4f943e320f588,2022-01-06 10:13:51,2020-11-11 15:30:06
426,335,pamela81,712e426be779e08dae5b2215d235c128788ce815b71e98b221aaea9b206b2953,2022-05-26 11:49:11,2022-07-01 19:47:21
427,223,graystephen,be713732008cbc5727675aea0f06b29848bb66e50973fd5b34ce1eb989463979,2024-08-08 00:29:20,2020-08-10 16:02:44
428,54,zroberts,ad285631cb00e9a0afd6bf81cbe64a8b3b97c4e4b74ea3301aa45d47e2114d2e,2023-11-17 10:39:07,2021-10-13 01:43:14
429,162,hannasara,961bd4a3a298aa58dce186ef7cae5c07199b4ad3f7e7cced0ef4e3eba8360625,2024-05-30 22:29:21,2024-07-01 19:08:24
430,96,mary57,25e024f53a77c11d5c9c7c4e5b073f86cf1f075b27eeb773d3c49ce9ff91b7d9,2023-04-11 19:32:04,2023-08-22 09:27:20
431,434,davidyoung,7ce13510136e88be12d72632a9fb96cd275443ea54f8506127775dc8c8a9cb42,2023-08-03 14:39:58,2023-03-08 12:57:16
432,164,cherylolson,6277ab18503745769a65d8a268686c975d3a66fd6d668a39dcab1cc782d809d4,2020-04-08 01:36:40,2023-01-24 20:22:44
433,346,ingramantonio,20b937eab8b14625844516aaa96e727793ae866a22289c4a97de35a7f89b9c48,2024-08-16 22:30:04,2023-03-30 12:44:37
434,214,vsaunders,6fc08a38a3bd9ec69636b88e64203c9b1e3a7244e6845b04061caeb582860065,2020-10-29 11:51:50,2021-07-03 06:41:51
435,63,susanmartin,020b02830cfcece905b9750bbd564c78a60f517e4ffefaf8a7da829f45246283,2024-01-04 18:00:07,2024-03-21 03:10:36
436,234,iharris,1dddab856e8052424dd88f2b12f1224e8c4d8609163bbd242b026ae1a58f6eeb,2023-01-01 17:59:36,2020-12-18 11:36:51
437,335,alice97,ee59a1150926eb013dc4bf768d17bbffc0d81b7b9c1d7bf0cb5ff666ecb9f265,2021-04-24 15:36:20,2023-07-07 01:11:24
438,43,qlucas,8d81a7005350e51e3a028b4335efe0053e5153f9058c7b73d3073ce0963b6fca,2021-06-10 09:57:49,2023-12-27 08:07:55
439,93,shericastro,5760873bbab5c4ee6db138d3a12692640af1848284ab779ecdca388180b61197,2022-04-05 22:55:57,2023-10-28 05:32:56
440,79,jellis,dbb805317450c3e6e33e78a9aee8cf1e066c5826688e222dad22b717e7aa684f,2024-04-06 09:01:41,2020-08-17 23:49:39
441,309,wdixon,c8a7d84232fac6ccd54c8a236d459cbf556b213697c618f31c4eed292b2c514c,2020-01-14 23:43:01,2021-08-22 23:52:26
442,358,scottfreeman,65c9f2daf12259cd2a5745b7df409e3ec90db4019c236fac95ddbe0e04e340c8,2020-10-23 01:39:00,2020-11-16 06:10:34
443,319,scott58,e02f831820e8da6d9efe25cc8ff7a14adddac88d6ad9af689652524705180ad7,2023-12-05 09:31:56,2021-10-02 12:00:15
444,145,chapmanerin,fe73ec1b91881a1804e506fc5eba87d9ff15359e414ee9dc1f549557ec90de11,2022-10-28 09:54:25,2023-07-05 17:45:16
445,214,matthew66,98d5830ec3109aa98aea99ad12c3de703ad284c3cc3390ffaafad43e5a722920,2020-10-02 18:07:58,2020-08-30 02:48:56
446,480,pricecarolyn,58e8ff4a36159efeb51b9531d801b4db99a38bdb5bf1ef5e2e2d560c51e909a4,2023-05-24 19:47:12,2020-03-04 10:29:41
447,66,nwarren,6adb4cad5b08a7613831df45e90152749659c25e79701edd2fa64cf2c9dd7f21,2020-11-02 20:05:46,2021-08-11 18:42:16
448,468,qvalencia,1b7b803bb6d3a2aad7365383d45f75921bb30769b25c9218ea27105473010ead,2021-11-15 03:55:40,2020-03-13 10:27:22
449,324,jenniferzuniga,4945572686473e967cb10ce46b915a345ea967f62827913e0abbe1f253822df7,2021-09-23 07:09:04,2023-03-02 00:23:16
450,414,russell37,26b2485414579e903c2194fa5632bf3c7714aed8481bbe496a61e7816d5eff39,2022-06-29 16:19:09,2021-01-09 22:39:26
451,143,acostastephen,ac3d029e8ea19323c727dca4f43fab1777b15ef31d3b6c6366f101e475481117,2022-02-09 15:20:02,2022-09-22 09:05:54
452,43,julie43,1111e4147bb54ef61719416a9e4a3e76bd0bd62e13c8bd427b5b54f08a479a77,2024-04-09 22:28:34,2020-03-08 08:06:18
453,344,linda34,b55dc5fb4b385888a248c1aea2df6f1e1973911d2b8e06349e38b958301da3b7,2021-11-20 21:02:57,2024-03-27 04:33:42
454,466,hendersonlinda,729dd5f7b26d8f497f5c5fc75266c56267f76b24c25200be3e94ba9d8d701881,2023-06-22 06:09:38,2022-07-03 22:32:16
455,286,olivia39,ce4576cce86d96805338966ed4dbf2f6161459fcf7c1c562ebde0978394c0f91,2021-08-14 13:39:38,2022-07-08 14:33:09
456,145,xrodgers,f34b7ae8870c2a9f2d8c4c3625446b99198f3f0ab217a2023929ee2b04641407,2024-02-05 05:21:51,2021-04-28 14:47:15
457,74,ericksonelaine,b1f463b2835d61f79682a4bdfaff69f2bcad02a996f63e5950ff99a473faddb6,2020-12-28 14:25:03,2021-04-12 05:50:34
458,46,alexandra15,3c167b13681799718aa4fbd99f31b11237174144e047f352725b2e6f272e5594,2022-02-15 03:15:47,2023-05-28 08:06:29
459,77,xbarton,f2501ae56fe49829e239f399748a3c311f4b7a12333563e7adbe0528ba0a042f,2022-05-04 03:44:00,2023-04-26 19:49:56
460,186,nmcgee,36598e2519ec438165d8b9bf61ca7b64257ae086eab5c1b6af3af7f578dc77bd,2024-02-03 09:20:33,2023-11-14 16:08:30
461,108,zacharylove,ef0929631f0500e50bd4c2312062e330e18dfaa28c01698a6cf7399550e4cc6c,2022-01-29 11:49:18,2020-08-26 01:45:05
462,499,hpaul,3a473a4bebd5c509ef2ea3f79ac1e097e1ad5bdaf53384d2fcb8ba6e5785db8a,2024-07-20 17:29:32,2023-12-06 04:15:59
463,168,gmoore,599e70e6ccfc5b893b237713ad9e1dfd98d9ab0f154a6588208846d7a4f8107e,2023-08-16 15:18:15,2024-11-13 09:28:57
464,7,melaniedonaldson,d22af52a2fc1486ac8ef59ae6303e81f803670c653904f73342e2c846d018b26,2023-06-02 13:01:47,2021-06-06 15:23:47
465,110,joshuavance,12df80dcd934a84508ecced10c732907d25156dffe5de9f2e28e6cfea44e4fc8,2021-01-23 05:00:33,2020-03-02 08:37:07
466,293,kimberly33,2d7bbb7c2ffee1a6a821a4c4343d731f06b2da6736d3df8c7fc9434467a0dc3b,2022-03-16 13:26:55,2022-03-21 16:45:05
467,321,danielleadams,d9363eb12e3f2713bce0b77e8f89b5759b63730dee69a928b6cd756074d6bd62,2021-11-26 01:34:20,2022-11-04 18:09:41
468,453,roger82,695271e86c84a1f94c7dab2ff96f17a76b93ca4d6dfef1a37833995b2cb2c035,2022-12-20 09:17:36,2021-05-14 10:58:17
469,498,millergregory,72e36783b7df38ff881f3a8b97b729429a1dd32581eec5865299b6fa78b90a0a,2020-08-27 19:48:53,2022-09-06 11:15:32
470,124,suttonlaura,75cd3ee554e7ab812bf932da0ab9c10a6ded070c6f415dc2c73ea732f32ee0a9,2021-12-11 11:41:34,2021-08-24 18:13:31
471,34,vsalinas,c6625c4c4917774cfeb547cafe8919fc68bf4cb48fdfb1a1a1b4ee5192d52af6,2021-12-20 03:39:23,2023-07-31 06:46:32
472,85,pwhite,8387e4716b75da435c7adf12729f72d80dd2bd933232391990eb7a554a764278,2021-01-20 06:49:31,2020-06-03 18:09:25
473,374,omorales,c97c16147471a82aac70f937d39d896824b92497917f60af52f156423ad2a60e,2023-01-19 11:09:47,2020-04-04 21:13:19
474,329,alexramirez,c3f36e7342c1730710e4d6bcca0e8ea28ac42b0a4e49bba92bbeb77ced569f6c,2022-09-26 00:42:56,2024-05-05 20:30:08
475,326,phillipgarza,166e16bd3626993b684a483ced67e7c9b8425e57427ace342bb985f9107b27dd,2024-01-02 09:49:06,2021-10-28 21:07:31
476,33,hickscorey,9b62a1bc1b9f1b24739dee120ed418943e10c72fef5877e0182e5ff4379caaa8,2021-06-11 02:35:36,2024-02-22 19:16:02
477,251,nhansen,ce127b2dedbaa24224d76147b40297e961970b3ae6270762bc4343d0ddf716cc,2022-01-17 04:37:27,2021-12-22 08:30:52
478,158,calvarado,cffb5a91301295de1279ee3871526d26d6e2c49fc654eb9b751e3a6b9eca8d16,2022-03-14 04:44:48,2020-03-22 00:35:48
479,183,vickihansen,d73463f0e47bdf3f7b3ecec8b6df08788f3b0e5143f11a3fa521d1da06f0d932,2024-02-04 09:03:39,2024-06-26 10:47:11
480,194,kayla29,da86381204aca439ee424cd25f034e98b61c02860a5f9495d3f712efa60a7dea,2023-05-25 18:33:44,2023-09-26 16:02:23
481,9,jasoncooke,200a1e9fac2cce3ae903d4818353fc455da9b9855c14b3a471f00780d97b676c,2020-07-22 01:48:44,2023-09-17 11:36:40
482,335,duranjose,b54f4b550a74c189e945941ff7728312f19cf1ad7007f900f46750873f541eb9,2023-08-19 23:12:33,2020-03-01 10:25:38
483,64,randyking,e5aaee5b1d8bd996cb7e97e374c8432cc16f90e1bbc83db574b68c825c35dac5,2023-04-15 03:13:53,2022-11-25 00:41:58
484,37,jessicasmith,795c5e98930e1d9b1fe696d82e46b66dc911e196518fe85acd7edf8eaa5e4d9d,2021-12-01 10:04:40,2023-12-17 10:57:00
485,22,plee,e27bac3e6d9f97a94d9ca3746b7257df5218126235f6c675a4e95777b2c71b9e,2020-01-22 10:55:18,2021-07-07 06:07:50
486,498,katiemiller,72af7c4c6b4734b3c1eb406592dbcd75d713fec21a431f1993f061bf764f4384,2020-10-10 17:04:28,2021-11-14 16:27:10
487,268,stephanie86,145e1198325f73758355ea0dbad4e0449d33da41985a59496478e3aa3fbd675b,2024-02-26 05:48:13,2020-06-08 22:26:10
488,388,stephaniedaniels,e116a738d48bad973033ee5d380732cd46759c753019bc6b98e22af29922764b,2020-04-02 08:16:43,2023-05-15 09:50:00
489,321,rbrown,8857c778d2ee92763e8f535bbc88b62b924029d7da3c9a6db3527997b136a14b,2020-01-04 21:37:44,2023-10-31 04:07:12
490,418,sandraramos,f80688fde78f44da843190194895c6ace5020c749266c54a9201cdb2020180ca,2020-12-16 20:12:05,2024-05-01 18:05:59
491,173,oallen,c0233e4e56789314441fb108827c6f0ac26c4b5016a8ee90f73cffca859081f6,2024-09-22 09:52:33,2021-01-23 13:36:12
492,396,alice82,0d92e22004e274452f2e1b06403102263f746a194b63d62ae99c2e1bf409dae1,2020-08-06 13:29:30,2020-07-31 15:04:49
493,248,fgibson,336a9db9194b711e84e567c8e8b711317b073b30e40383cfe5bcf7c802107a1b,2022-08-07 14:30:55,2020-07-31 20:47:39
494,87,wrightsandra,8f9e3fa34221f3468b57b6029c93b10f96acf55018a9b84f8eeae6e5bdb7534c,2024-07-12 16:18:05,2023-07-30 20:57:12
495,41,taramartinez,cc4fb604e6b2e264db7ccd3abadb7cd5dcda01e7ab13b6ad0c9994a6419ee6f0,2022-11-30 16:11:20,2024-07-10 08:47:09
496,177,rachel36,acfd82339c1395d4a24b731271d9a69eec3d86c8f9d186ae6452d02ce69f9c58,2020-12-22 12:22:45,2021-01-31 04:15:52
497,69,robert27,d9b03ede3630f9b2810a742764e3214b2e8ed20bb3b30f5ae758f5fb40fc4041,2023-06-04 23:43:06,2024-12-02 09:44:46
498,226,sharon00,d9230207147aef7608d1ca80c1b2cc138387b9130aee84aab5e8aacf986637b1,2022-06-20 21:11:48,2021-02-13 02:59:25
499,322,zsaunders,676c1377341088495732bcb4cbd714567406798656e54e42150a5a9330b16c3d,2022-02-08 05:24:18,2024-05-18 11:03:27
500,239,andreadougherty,f9958190052ba11044e878ab004fbfb975e1af329097ecaff28c89c33e4f8735,2020-08-02 19:46:17,2023-05-24 09:57:06
